别世界惊叹了行不行？我在国外，评论基本上是中国更应该为世界所有人默哀中国要为全世界谢罪！醒醒吧，危难时刻没人会记得你的好！谁都想咬你一口！我们只需要自己做好就行了，干嘛还需要得到外国的承认？中国面临的舆论压力前所未有，接下来的路还会更加曲折，放弃幻想，打铁还需自身硬！;
听到外国人夸中国，不要自满，更不能满足现状。要时刻记得，我们还不够富裕，不够强大，不够先进，在科学和技术方面，我们距离美国，德国，日本等还有差距，要切忌骄傲自满。等我们补齐了所有的短板，才能拍着胸脯说：成了，可以骄傲一下了！;
"想起了白岩松老师的讲话：""希望很多人不要膨胀，我们之所以会有经验是因为我们仗打得比较早，打得比较大，我们也付出了相当多的代价。能对自己国家精准定位，绝不膨胀，也学习别人的优点知道自己的不足，这是真正的爱国。""";
此次疫情中国社会最大的损失是什么？第一，经济损失和生命损失；第二，加剧了对英美西方的轻视之意。前一种代表着过去的不幸，后一种代表着未来的风险。 说起来，后一种风险更加可怖 ;
"这次疫情也给中国敲响了警钟，坚持以公有制为主体的医疗制度，才是人民生命的坚实保障<img alt=""[打call]"" class=""small"" src=""//i0.hdslb.com/bfs/emote/431432c43da3ee5aab5b0e4f8931953e649e9975.png@100w_100h.webp""/>";
虽然说这样子很好，但是还是希望给我们的白衣天使们涨工资。提福利，特别是医闹方面的。他们觉得自己不要钱，不代表我们就不可以给他们更好的福利。;
"虽然在这么一次赞扬中国成果，剖析美国问题的正能量视频里说这些可能不太好。但是我还是要说，请警惕！没有什么是可以真正多快好省的，这4%gdp的超低医疗投入下牺牲的是医疗从业者，如果抛去那些光鲜靓丽的头部专家大牛，看一个普通医疗人员的职业生涯，简直可以用艰辛困苦来形容，大家都看得起病挂的起号的基础上并没有经济投入来吸引更多医疗人员的加入，只会加重医疗工作的负担，那些看似很敬业很感人的楼道睡觉，吃不上饭，连续作业的故事，赤裸裸的控诉着行业内高强度透支的现实，而在这样的现状下，能分给每个病人的精力又有多少，又能拿出多少时间为他们提供细致的咨询和关怀呢，这残酷的现状与病人缺乏医疗认知的过高期待之间的矛盾，又进一步激化出医患关系问题，医闹伤医事件频发，反过来毒化医疗环境，倒逼医生转化，加剧医患比例失衡，恶性循环。还有太多太多背后的苦楚实在不指望非业内认识能够理解，就简单一句话家里人的关心：你那么好的成绩考的上名牌大学医学系，又保研读博的认真读书，如果去干………会不会………请不要神话医疗人员，他们本就秉持着高尚的职业道德与荣誉感在负重前行，请给他们应有的尊重与理解。<img alt=""[拥抱]"" class=""small"" src=""//i0.hdslb.com/bfs/emote/41780a4254750cdaaccb20735730a36044e98ef3.png@100w_100h.webp""/>";
要把尊敬医生、老师、普通工人等等编入中小学教材，提高老师和医生工资的待遇以及准入门槛，在医院建立全面安保体系，更要建立医闹黑名单。这些事情任重道远，但是必须要行动了;
"我就是个医学生，大学实习的时候非但没有实习费，而且还要照常出实习费用，工作了第一个月工资1100，而且还要持续3年（就是国家出的规培政策），你们看到的医保低价是因为吸的我们医生的血，在美国，医生算高收入人群，在中国，医生的平均工资刚刚够社会平均工资，你说我们难不难？？？<img alt=""[热词系列_我太南了]"" src=""//i0.hdslb.com/bfs/emote/a523f3e4c63e4db1232365765d0ec452f83be97e.png@100w_100h.webp""/><img alt=""[热词系列_我太南了]"" src=""//i0.hdslb.com/bfs/emote/a523f3e4c63e4db1232365765d0ec452f83be97e.png@100w_100h.webp""/><img alt=""[热词系列_我太南了]"" src=""//i0.hdslb.com/bfs/emote/a523f3e4c63e4db1232365765d0ec452f83be97e.png@100w_100h.webp""/>";
其实，中国这个医疗保险，是医生，医疗系统和政府在买单。这也是为什么医生现在越来越少。;
钟院士专家号一千有人嫌贵，明星演唱会2000有人有人觉得便宜。;
作为金融行业工作者，看了这个视频丝毫不觉得感动，只觉得难受。大家满屏幕的致敬，为生于斯长于斯而骄傲，这很好。但是没有人想到以后，给医生这么低的待遇，让一个高知识高风险的职业没有与之匹配的高收入，这是不可持续的！这样只会让从业者越来越少，而最近几年的高考医科类招生情况恰恰反映了这一点。如果10年以后，再遇到这样的疫情，还会有足够多医护人员保护我们吗？我很怀疑也很忧虑。我希望大家能够重视自己的健康和生存，而不是当作理所当然。我见过我的同事一边炫耀自己几万的lv包一边想着去看皮肤病能不能免个几十块的挂号费，我就很恶心了，你的身体发肤都比不上一件身外之物有价值？都不值得你花钱？买奢侈品觉得多贵都值得，医生救你命就舍不得花钱？很费解😒;
头一次见到夸中国医疗改革的，门外汉确实是门外汉。中国的医疗现状还可以，靠的全是医护人员的死撑。低廉的劳动力而已。而现在，每年的医学生还有医疗行业的从业人员逐年都在减少。我们未来的医疗行业问题，比美国更大。因为我们没有美国有钱。;
UP主少说了一点我这里补充一下，现在中国这种美好的医疗体系，这种惠及全民（穷人富人都包含的）体系是靠医护人员的付出了，说好听一点叫医护人员的牺牲，说不好听一点就是剥削医护人员。我不是医护人员，我是穷人，我是这种体系的受益者，但是我觉得一个有良知的人，如果知道就应该说出来，在中国，穷人可以有叫救护车的权利，而国外的救护车真的很亏，洛杉矶的救护车每叫一次要交付5000美金。医保保证的大多数人在老年之前的疾病可以治疗，癌症，慢性病等这种富贵病的不想提。你们能够想象吗？在中国，当需要一个从业30年的老教授问诊只需要5万元（这其实并不是一条合法的渠道，但是这是目前而已对患者，医生都好的办法）还不用包含接送、住宿、而在美国，穷人不要想了，那是天文数字。在这种体系下，无论是穷人还是富人都能通过自己的努力获得远超全球的医疗保障。因为和全球绝大多数国家比，中国医生的收入都不算高的（非洲国家哪里的医生收入也不差的），所以，每次看到医闹的人我就很难受，因为他们在破坏我们已经濒临破碎的蛋糕了。当一个医生至少要学习8年，很多甚至要12年，我承认他们的付出和回报不成正比，那为什么我们连荣誉都不能给他们呢？为什么要有那么多医闹的呢？医闹的人真的该死！。他们破坏的是我们穷人生存保障的救命线，特别是现在这种救命线已经摇摇欲坠了。最后，弹幕里面全是中国NB，我更想说的是：中国医护人员NB。;
虽然知道那些仇医伤医的渣滓看不到，但我还是想说:中国的医生拿着远低于欧美医生的薪资（比较购买力），干着远多于欧美医生的活（病人多）。大家都听说医生薪资高？诚然，在所有人中医生的收入算是中等偏上，但要是同等学历横向对比，医生的收入是中等甚至偏下的，而工作量和工作压力属于顶上的那一部分。嫌医院收费贵要赚钱的，公立医院现在被政府完全推向市场，大部分拿不到一分钱的财政拨款。大到买设备，修病房；小到设备维护，人员工资，水电，不赚钱不出三年全国的公立医院都得倒闭，到时候都去莆田系看吧！;
中国的医疗是靠压榨医务人员的生命来维持全国医疗系统的，没有哪个国家的医生像我们国家公立医院这样随叫随到，紧急时刻不眠不休的去救治病人，这次疫情已经极大的透支了各个公立医院的财政，是彻底的雪上加霜，不要感谢国家，去感谢我们的文明，让我们现在还能有敢于奉献自己的人站出来学医，医疗体制不改，学医的只会越来越少;
实际上，哪个国家都一样，国内医保对小病确实好，但是大病一出 家破人亡，到哪都一样，国内医保要走的路还很长，不要无脑吹，理智爱国是是真正的爱国，发现缺点是进步的前提，加油吧;
说点个人观点吧，正如up讲美国部分提到的，羊毛出在羊身上，那么我们凭什么能投入远比美国少的经费而达到超过美国的成果呢？是单一制度原因还是有一些被我们刻意忽略的部分？再看看很多人争论关于国内医生收入问题，总有人讲医生在国内收入高等等。但仔细算算绝大多数医生的时薪是要低于同等学历其它专业的人的，而医生还需要经历规培等等一系列额外的学习，至于为什么算时薪这个不同人有不同看法，我个人理解为多劳多得。而本次疫情后医患关系真的会有所改变吗？丁香园早先的统计已经说明了很多人的看法。就在前几天又有肾内科医生被刺，这仅仅是进入我视野的，而我没看到的或者说没被曝光出来的又有多少？不是唱衰这个行业，因为我已经没得选了，我也希望国内医疗环境会越来越好，但还是劝诸位谨慎选择职业吧。医生这个职业也像是围城，外面的人想进来，而里面真的像外面人想象中的那么美好吗？;
如果你们知道中医疗改革方向（从80年代至今），恐怕你们就不会那么乐观了。近几年公里医院倒闭不是没有，公立医院自负盈亏，医疗人员去编制化。医院为了存活不得不通过和药企合作等方式增收存活。医疗市场化也是医改方向，毕竟什么都市场化好啊……总之，现在的条件且行且珍惜，以前那种自愿下乡问诊的赤脚医生，现在很难了。;
说句不该说的话，中国没钱看病的也多了去了，北京农村家庭家里不算有钱，一般水平，前两年奶奶得了胰腺癌，医保报销完了花了小20万，因为奶奶自己有点钱所以这病去医院看了，要是子女出钱估计就不用去医院了。在北京个医院中见到太多太多老人检查出了癌症什么也不治疗就出院了，医生也是在手术前告诉大概手术费用让家属看看能不能承担。;
上面的热评已经有讲up的逻辑问题了，我就说说这个踩一捧一吧，up全程都在说美国的缺点和中国的优点，却对美国的优点和中国的缺点只字不提，又在这个特殊的时期，我无法排除这只是一个来蹭热度的视频，一个北大教授在谈中国医保时候讲了非常多非常严重的问题，而up全都忽视了。请理智爱国，咱们中国现在还没天下第一完美无缺。;
刚刚看到很不好的新闻，一条外国留学生不带口罩聚餐，一条是黑龙江20多例境外输入病例，还有一条是南京对外国人的超常规服务。对得起抗疫的医护人员和老百姓吗？自己人这么听话，洋辣鸡管不了，没长脊梁骨！;
"不要只看光鲜亮丽的一面啊，要警惕起来啊，捧得越高，摔得越碎啊！<img alt=""[捂脸]"" class=""small"" src=""//i0.hdslb.com/bfs/emote/6921bb43f0c634870b92f4a8ad41dada94a5296d.png@100w_100h.webp""/>但是还是要说，我们最棒！";
也别太吹！中国也付出了很多代价！;
：想法设法攻击媒体自由和民主制度，中国难道没说自己有媒体自由和民主吗？;
：费用应该从官员们的俸禄中扣除，为他们当初愚蠢的决策买单。湖北的人民今年太难了。;
：很多基层医务人员的补贴是不是也需要落实一下，很多人虽然没有直接接触确诊病例，补贴有些发了都收回去了;
：外地支援的人家回去啥都有，名利双收，我们湖北本地医务人员连补贴绩效都拖了几个月，好不容易才发下来，更别说其他的了;
：武汉本地医务人员也希望有这个;
：北京陆续出现多例#隔离人员发生症状不报瞒报这种情况，是不是应该应该刑拘？。;
：北京陆续出现多例#隔离人员发生症状不报你不能理解，有时候真的很怕，怕一测就真有;
：这些外地来京人员真的需要在做一次人口疏离工作，不要让他们在坑北京了！;
：最近在粪便中检测出非冠病毒。听说北京人爱吃牛羊内脏下水，最爱吃那种不洗干净带点粪便的，豆腐和豆浆都要放臭了吃。;
：在隔离期间如身体出现不适症状，一定要及时上报啊，真的不要再瞒报了。北京真的伤不起了……，既然你选择这座城市打工挣钱生活，请务必爱惜这座城市，否则，请远离北京，不要再继续污染这座城市。;
：北京陆续出现多不管是不是故意的，还是坑了一起隔离的好多人啊。而且隔离点的管理也相当不到位了，怎么能隔离着还有这么多交叉感染;
疫情当前，一人得病全家遭殃。特殊时期，要讲人性执法？这就是人性执法！不砸都敲不醒这些人，而且没收还浪费人力资源。砸得真解气;
但愿灾后不要忘记收拾那些尸位素餐的蛀虫中国抗疫图鉴;
不要高兴的太早，因为外来人口回归，导致武汉原本，4月8号全面解封，变为4月8号工厂解封，平时家居还得隔离时间调整了，还不能松懈中国抗疫图鉴;
"看到最好，口罩别乱丢嘿！（虽然知道是为了意境<img alt=""[笑哭]"" class=""small"" src=""//i0.hdslb.com/bfs/emote/c3043ba94babf824dea03ce500d0e73763bf4f40.png@100w_100h.webp""/>）中国抗疫图鉴";
现在疫情还没结束呢，什么牛鬼蛇神都跑出来了，钱和资本是好东西，所以现在美国没有什么人情味，只有缺乏安全感，国家应该主注意道德教育，立信公共，这方面了，否则道德败坏，素质低了，为了钱什么不敢干？中国抗疫图鉴;
"春节时我们村封村，村委会为了守住村口，借了我的狗子（德牧），然后我就沦落到每天中午给狗送饭的境地<img alt=""[笑哭]"" class=""small"" src=""//i0.hdslb.com/bfs/emote/c3043ba94babf824dea03ce500d0e73763bf4f40.png@100w_100h.webp""/><img alt=""[笑哭]"" class=""small"" src=""//i0.hdslb.com/bfs/emote/c3043ba94babf824dea03ce500d0e73763bf4f40.png@100w_100h.webp""/><img alt=""[笑哭]"" class=""small"" src=""//i0.hdslb.com/bfs/emote/c3043ba94babf824dea03ce500d0e73763bf4f40.png@100w_100h.webp""/>中国抗疫图鉴";
"我是一名护理实习生，也是近几年最特别的一批实习生，在加上我还是男护，希望这次过后大家能多尊敬护士，我们和医生一样治病救人，而不是在伺候你<img alt=""[OK]"" class=""small"" src=""//i0.hdslb.com/bfs/emote/4683fd9ffc925fa6423110979d7dcac5eda297f4.png@100w_100h.webp""/><img alt=""[OK]"" class=""small"" src=""//i0.hdslb.com/bfs/emote/4683fd9ffc925fa6423110979d7dcac5eda297f4.png@100w_100h.webp""/>中国抗疫图鉴";
"受疫情影响，朋友开公司经营困难，本来打算在他公司混几个月就去部队，但现在不能拖累人家。所以决定就到厂子做临时工随便锻炼身体锤炼意志为去部队去做准备，厂里工作内容就是给产线上料一箱料五六十斤一天能搬十几吨确实很累。这工作一个月工资七千多，两班倒倒班那天要工作十六个小时像我一天只睡四个小时。题外话厂里小姑娘好像都挺喜欢我的老问我有没有对象整的那帮大哥都挺嫉妒，我只好把我对象照片给他们看了看，然后好像就更嫉妒了。<img alt=""[笑哭]"" class=""small"" src=""//i0.hdslb.com/bfs/emote/c3043ba94babf824dea03ce500d0e73763bf4f40.png@100w_100h.webp""/>感触也很深，看着厂领导都是开着清一色的大奔，工人们全月无休从事这枯燥繁重的工作拿着七八千的工资。我承认对比他们我有一种优越感，但是劳动人民真的很伟大。";
有的人看的挺开心的，其实我看的感觉挺难受的，星级酒店都要靠这样来维持生计了，更不要说有多少酒店正在赔钱但是当地不支持摆地摊，只能干赔钱。;
餐饮行业疫情过后岌岌可危，家里有个亲戚是开小饭店的，朋友的爹也是开饭店的，真的难;
疫情让中国乃至世界站在了分叉路口，所谓百年未有之大变局，不仅是国家层面、国际关系以及全球化层面，降维到你我身上这种“变”可能体现得更明显，包括但不限于转行转业、调整投资等等，时代的雪花落到谁的头上可能能压倒人的重担。总之，诸君加油，不仅是国家，我们很多人的人生也面临着一场大考。;
12月，疫情似要卷土重来。我个人觉得，疫情肯定会重来，但绝不会如年初那般令人恐惧，令人不安。最后我还是希望今年大家都能过个好年。;
最近看了很多这样热血沸腾的视频，略微有点膨胀了，我要自我反省一下，可以自豪，但不能因此膨胀;
白岩松说不要膨胀！！！！！！！！！！！！！清醒点;
希望咱们的方舱和火神山以后也可以慢慢搞成一个医疗镇。还有就是最近在各地区造的医院希望也可以变成医疗镇。上海的佘山小汤山模式，我希望也可以变成一个小镇。类似泰晤士小镇一样。这样医院就更加活了。大家向着未来迈进。;
现在，“严格～控制公立医院数量，深化医疗市场化改革，改善～中国医疗卫生环境”我上面的发言不全，也不是全部复述，大概是这么个意思，这是在新灌病毒开始前的几天，某个部长在开会上念得稿子。现在，还有人想医疗深化市场化改革，改善人民群众的医疗问题吗？我们其他基础方面的东西还有这么做的吗？       现在，我可以很负责任的告诉你们，有，而且疫情并没有组织这种趋势。         盐油私有化，医疗私有化，这些东西正在发生，我不知道国家怎么想的，我也不知道是不是有人为了地方经济增长赌中国的国运，我只知道，现在，我很害怕。;
卫生专家：我不能笑，我必须做好背景道具;
这女的认为自己住的是五星级酒店吧！如果是免费隔离就更过分了！;
"隔离人员不带口罩的吗<img alt=""[惊讶]"" class=""small"" src=""//i0.hdslb.com/bfs/emote/f8e9a59cad52ae1a19622805696a35f0a0d853f3.png@100w_100h.webp""/>";
就这女的说的这话就知道，这个女的真是浅薄无知，还有杂质不能喝，所有矿泉水都是有杂质的，钙锌铁钠在水里统称杂质，当然还有个好听的名字，矿物质，人要是长期喝纯水，又不及时补充矿物质，很容易导致钙流失，这个白痴说实在的就是个无脑又无知的泼妇。;
不知道你们看后续了没有，这女的是自己买的矿泉水，防疫人员不让她下去拿，这没啥问题，隔离嘛，但是后面又出了个新闻就有意思了，20来个德国人在上海隔离，要求西餐刀叉红酒，矿泉水，工作人员连夜给他们弄来了。。;
人家洋大爷隔离期间要啥有啥，为啥自己人要瓶矿泉水都不行？;
女孩不懂事，不知道上下都忙着给 大人弄西餐买红酒，哪有时间给她拿快递。这不是给工作人员添乱吗？;
"微博搜上海洋女婿，不仅能吃西餐还被批准回家单独隔离<img alt=""[偷笑]"" class=""small"" src=""//i0.hdslb.com/bfs/emote/6c49d226e76c42cd8002abc47b3112bc5a92f66a.png@100w_100h.webp""/>";
我也被隔离过，我2月19号从广东老家回广州公司复工，回去后就马上被安排公司自己搭建的隔离房。隔离房那环境是真的恶劣，哪有像视频中那样这么好。我是公司的管理层，也算个小领导。但也没有特权，依旧要隔离。刚开始我也很气愤，我也觉得自己应该有特权的。然而我看到隔离房还有住的比我环境更恶劣的同事，他们是我底下的员工。他们被隔离了一声不吭，而且我被隔离期间都有算出勤，而他们没有的！其实我真的已经有特权了。但此时我却觉得很羞愧，感觉我连自己底下的员工都不如。后来隔离的14天里，我担当起给他们送饭送水测量体温打扫卫生的工作。隔离的期间也让我静下心来思考了很多东西，思想也觉悟了很多，也算是个成长。;
"自来水和直接可以喝的水真的不一样……酒店那个水可能是过滤不彻底，有的比较差的酒店水龙头的水是真的肉眼可见的残渣杂质，真的不能喝。。。而且这个女的好像是自己网购了矿泉水让朋友帮忙寄过来结果快递被扣了，跟人家交涉半天无果最后没办法才发飙的<img alt=""[无语]"" class=""small"" src=""//i0.hdslb.com/bfs/emote/44667b7d9349957e903b1b62cb91fb9b13720f04.png@100w_100h.webp""/>";
不会真有人敢用酒店的开水壶吧？不会有人不知道那个东西别人都是拿来煮内衣煮袜子的吧？不会真觉得回国隔离的酒店打扫的很干净吧？留学生回国又不是来蹲监狱的，所有人一天300+的房费照付，隔离归隔离，吃喝这种最基本的要求不能满足，要两瓶矿泉水被拍下来放网上人肉？还觉得留学生崇洋媚外，敢问祖国和祖国人民的举动哪点不让人寒心呢？不开放回国航班忍了，二十几个小时不吃不喝辗转回国忍了，一定要提供核酸报告才能上飞机也能理解，回来了自费隔离的住处连基本饮用水都不能保障，要两瓶一共两块的矿泉水被拍下来发网上人肉被网友攻击？同胞可真行啊，又想留学生回国996又不想给水喝呗？将心比心一下不好吗？去查查隔离点都是怎么样一副“反正你必须隔离我爱伺候伺候，不爱伺候让你吃猪食你也得吃”的态度不好吗？酒店床单不换不洗的，有血迹的，水是黄色黑色的，饭菜只给一点点的，冬天没有热水的，夏天38度不让开空调的，扣了护照然后胡乱收费不交钱不还的，合着留学生就活该每天交300+的费用蹲14天监狱呗？就没权利提合理要求呗？连喝水这种事情都不配了呗？;
她配合隔离，但是她的基本人权应该得到保障，她只是要求喝矿泉水，隔离期间她还是自费的，这有什么问题？宾馆服务人员没有做到位就让特警来警告？？？宾馆的热水早就爆出问题连连，人家要求不过分，不给水她为生存离开酒店也很正常，这完全是这宾馆仗着舆论，在欺负住客啊。她是隔离，却人人把她当罪犯。特警还来警告就仅仅是她没听宾馆的话，不想喝开水？看了评论，就真没人觉得这有问题？;
经常看到新闻说有人用酒店的水壶煮内裤袜子，有的父母会用来给孩子接尿。就这么说吧，只要是出去旅游，我只喝矿泉水，绝对不可能用水壶烧水喝的。这个女生从国外回来，按照规定隔离了，但是在条件允许的情况下（她的朋友已经把矿泉水寄到隔离点了），却连生活必须的水都喝不到，我不认为这是这个女生的问题，反倒觉得是志愿者的问题。;
我要道歉啊，不该骂这女的。同样在上海，英国人是不用集中隔离的，可以把女朋友和她妈以及2个月的孩子赶走后居家隔离的，要什么矿泉水，你需要的是白皮。;
不知道是不是我那个喝水的视频看了不过仔细我只看到他不愿意和自来水烧的开水，是愿意和瓶装水。虽然多次要求之后，工作人员仍没和上级反馈，导致这次抽查的人不知道这次事情，而且事情应该已经拖了三天以上的时间，不能单纯说哪方有错。只能说双方都是有错的人。希望大家和谐友善讨论。;
酒店水壶确实脏，建议配个新水壶，我在酒店客房干过两年，有煮袜子的，当尿壶的，吐痰的，我们收拾的时候不知道有多恶心，我们酒店的工作人员从来不用酒店热水壶，因为我们都知道这个事，建议大家尽量不要用宾馆水壶，太脏了，不一定传染什么毛病——来自酒店工作人员的内幕劝告;
我没看明白，或许这个视频不是完整版吧。  反正，我支持这个女生，人家要喝矿泉水就给她喝呗，就算被隔离也有人权啊，外面超市没有矿泉水吗？2块钱一瓶，也不是很贵，给她不就行了，BB那么多有意思吗！~  如果是这个女生胡搅蛮缠非要喝某个牌子的矿泉水，那是这个女生的错。如果是喝普通的矿泉水就行，那就是隔离员工的 错。~~个人见解，不喜勿喷！;
说实话我也不想喝宾馆里的白开水，我想也没几个人乐意喝吧？一个是宾馆水箱不干净，另外一个是个人都知道宾馆的水壶能不用就不用，连我妈住酒店都知道要自带一个水壶。让隔离者自费统一发放冰露康师傅娃哈哈之类那种便宜矿泉水不就完了？宾馆百分之百有备存啊？就算送饭也能顺手给啊？当然这个女的要喝那种死贵死贵的水还是挺有毛病的。;
"要么老巴实在这里隔离，要么赶紧收拾行李爬出中国<img alt=""[doge]"" class=""small"" src=""//i0.hdslb.com/bfs/emote/bba7c12aa51fed0199c241465560dfc2714c593e.png@100w_100h.webp""/><img alt=""[doge]"" class=""small"" src=""//i0.hdslb.com/bfs/emote/bba7c12aa51fed0199c241465560dfc2714c593e.png@100w_100h.webp""/>";
"我看了后续之后个人觉得两方都有一点<img alt=""[尴尬]"" class=""small"" src=""//i0.hdslb.com/bfs/emote/cb321684ed5ce6eacdc2699092ab8fe7679e4fda.png@100w_100h.webp""/>…女的因为这水壶卫生本来就不达标所以自己买了水要去拿，但是工作人员又不给，帮忙送上来也不让";
不是她家，但可以为她的家人安排住处，然后像上海女婿那样，让她单独在家中隔离呀~;
谁家烧水壶烧不出几个碱，我现在也在隔离。。那么多人也没她这么矫情的，别处我不晓得我们这边三顿都会有汤，就是你实在不想烧水喝汤也渴不死她，真的是给她惯的，能待就待待不下去从哪儿送哪儿去吧真的。。;
这是隔离区提供不到位，本人隔离期间都有矿泉水，而且酒店水壶确实也并不干净，没有说不能提供矿泉水。不了解事件发生详细背景，为什么有那么多人开骂？又有多少人住酒店会愿意用酒店水壶？;
"哎这些年好不容易送出去的渣子又回来了 <img alt=""[笑哭]"" class=""small"" src=""//i0.hdslb.com/bfs/emote/c3043ba94babf824dea03ce500d0e73763bf4f40.png@100w_100h.webp""/><img alt=""[笑哭]"" class=""small"" src=""//i0.hdslb.com/bfs/emote/c3043ba94babf824dea03ce500d0e73763bf4f40.png@100w_100h.webp""/><img alt=""[笑哭]"" class=""small"" src=""//i0.hdslb.com/bfs/emote/c3043ba94babf824dea03ce500d0e73763bf4f40.png@100w_100h.webp""/>";
反转了 其实是这女的自己买的水到酒店楼下 但是防疫人员不让她去拿  所以吵起来了;
为什么要扣呢，拿上来很费事吗？酒店水壶烧的水我也是不喝的，1块钱的包装水也行啊。可能不是白皮吧。;
有一说一，我就单纯提个问，强制隔离必须接受毋庸置疑，为什么这个时候不能自己拥有私人物品啊？自己使用私人物品，会影响到隔离工作吗？视频里这个女的想收朋友送来的快递，收了会影响隔离工作吗？如果有影响，具体表现在哪里？;
其实如果集中隔离的话 我也不太想喝烧的水，集中隔离都是征用宾馆，以前那些用烧水壶煮内裤煮抹布的实在是太恶心了。完全受不了....;
@风骚小狮子拉黑属实弟弟。看来在你逻辑里质问和询问都能划等号了是吧？那你丢东西了是不是就是严厉的问你旁边人，你是不是偷我东西了？你说警方是因为不知道冲出去是谁才问她，那请问到现在出去那个人找着了吗？而且怎么没看见警察问别人就问你呢？还有警察不知道，不去看监控，不去问工作人员，问你个一直在里头老老实实隔离的人干什么，你看得见吗？;
一听不是医生马上气势就弱了，真就是撒泼惯了的人;
不是，如果是新水壶还好，但是旧水壶谁知道有没人在里面煮过奇怪的东西。心里接受不了不是很正常？酒店的水壶诶，谁知道有没被丢烟蒂垃圾甚至丢过套套？为啥大家怨气这么大？;
外面的那种不经常用的烧水壶的确脏，水垢特别多还有味道，不过特殊时期也没办法，多刷几遍就行了。;
"<img class=""jump-img"" src=""https://i0.hdslb.com/bfs/activity-plat/static/20201110/4c8b2dbaded282e67c9a31daa4297c3c/AeQJlYP7e.png""/><a class=""comment-jump-url"" data-report=""13"" href=""//www.bilibili.com/video/BV1nK4y1r7Qk"" target=""_blank"">青岛特别优待外籍隔离人员？ 街道回应：提供的是“人性化”服务</a>，看完这个我突然发现这个要喝矿泉水的有点冤。";
酒店的烧水壶干不干净就不用我多说了吧;
"啥，矿泉水还要快递吗，楼下小卖部买一瓶不行吗<img alt=""[笑哭]"" class=""small"" src=""//i0.hdslb.com/bfs/emote/c3043ba94babf824dea03ce500d0e73763bf4f40.png@100w_100h.webp""/>";
酒店热水壶确实很脏，不能怪他们喝矿泉水！我有个同学每次都用酒店热水壶煮牙套，我都吐了;
有的人看的挺开心的，其实我看的感觉挺难受的，星级酒店都要靠这样来维持生计了，更不要说有多少酒店正在赔钱但是当地不支持摆地摊，只能干赔钱。;
疫情过后我也喜欢上了看广场舞，以前不喜欢嫌吵，疫情期间看着空荡荡的街道心里太难受了！;
"眼镜大厨：我这辈子也妹想到我也有摆摊的这一天，说好的“永不失业”呢？我是谁？我在哪？我要干什么？<img alt=""[doge]"" class=""small"" src=""//i0.hdslb.com/bfs/emote/bba7c12aa51fed0199c241465560dfc2714c593e.png@100w_100h.webp""/>";
这时候还评什么文明城市啊，抓紧赚钱啊。;
"金际危机什么的对我似乎没什么影响，但我知道我再不开学的话，会有家庭危机<img alt=""[doge]"" class=""small"" src=""//i0.hdslb.com/bfs/emote/bba7c12aa51fed0199c241465560dfc2714c593e.png@100w_100h.webp""/>";
"今年还有800多万大学毕业生面临就业或升学问题，而因为疫情导致的不良信用、企业裁员倒闭、复工后供需失衡劳工待遇下降。存活下来的互联网企业蚕食鲸吞中小型实体业，中国人从出生到死亡都离不开“两马”爸爸和“民族之光”企业。<img alt=""[热词系列_危]"" src=""//i0.hdslb.com/bfs/emote/5cc6c3357c4df544dd8de9d5c5c0cec97c7c9a56.png@100w_100h.webp""/>";
这次的疫情是中小企业和工作人员的灾难，是大型企业的狂欢，他们在用各种方法吞下那些中小企业，同时在试探人民的底线，腾讯前段时间的悦文事件就是一个试探，说到底不管发生什么倒霉永远是小鱼，鲨鱼永远在风波外面哪怕波及了他们他们也可以通过吃掉我们这些小鱼来恢复;
"毫无疑问，但我更关心未来可能出现的中国孤立处境以及影响。毕竟我们每天面对的是具体生活。<img alt=""[妙啊]"" class=""small"" src=""//i0.hdslb.com/bfs/emote/b4cb77159d58614a9b787b91b1cd22a81f383535.png@100w_100h.webp""/><img alt=""[妙啊]"" class=""small"" src=""//i0.hdslb.com/bfs/emote/b4cb77159d58614a9b787b91b1cd22a81f383535.png@100w_100h.webp""/><img alt=""[妙啊]"" class=""small"" src=""//i0.hdslb.com/bfs/emote/b4cb77159d58614a9b787b91b1cd22a81f383535.png@100w_100h.webp""/>";
外网你想得到的该骂的还是骂，中国媒体只不过是把一个点无限放大而已。;
我们要警惕的是网上很多人（包括媒体号）开始挑动对立，男女对立、身份对立，职业对立;
"课代表来了（可惜来晚了）：第330条的妨害传染病防治罪，专门治理像一些不配合隔离之类的人，或故意干扰医疗人员的配合（例如之前的那个天天都要去跑步的那个人，还有郭某鹏之类的）像这种之类就符合此刑罚，妨碍传染病防治罪并非指故意，故意的基本是危害公共安全罪。这两种罪不一样。一个最高关七年。另一个最高死刑<img alt=""[OK]"" class=""small"" src=""//i0.hdslb.com/bfs/emote/4683fd9ffc925fa6423110979d7dcac5eda297f4.png@100w_100h.webp""/>还有一个妨碍国境卫生检疫罪（比如像知情不报或吃退烧药上飞机蒙混进入）一共三条罪1.妨碍传染病防治罪，最高七年2.危害公共安全罪，最高死刑3.妨碍国家卫生检疫罪，应该跟第一条差不多，没具体讲此罪的惩罚<img alt=""[OK]"" class=""small"" src=""//i0.hdslb.com/bfs/emote/4683fd9ffc925fa6423110979d7dcac5eda297f4.png@100w_100h.webp""/>";
希望有人看到我：我从一月18号到湖北，一直到今天也就是4.7日还没有能够返回江苏，其中有一次十堰地区已经放行，我们通行证也已经开好，但是我们村进行阻拦，并且说回来就被公安带走。我们很听话没有回家，继续呆在湖北。4.1日前我们看新闻除武汉 北京都可通行。我们于几天前就已经联系村里问是否可以回家，能否居家隔离，他给的回答是可以。我们买了4.1日的车票，并且完成了点对点登记。我们村又说不可以居家隔离，说是区里给的通知，说要集中去港口隔离，费用自费。还说费用相当高昂，你自己想好了到底要不要回家。4.7日也就是今天我们打电话给区防疫站防疫站说根本就没有我们村说的那回事，早就可以回家只要有绿码，当地政府也是这么说。我想问一下老师，说假政策不让我们回家，阻止我们回家的村干部是什么行为，我又可以做些什么。;
"就是就是<img alt=""[生气]"" class=""small"" src=""//i0.hdslb.com/bfs/emote/3195714219c4b582a4fb02033dd1519913d0246d.png@100w_100h.webp""/>。温州有个大小伙从北京回来扫墓相亲，跑来跑去也不知道居家隔离，结果接触了近百人，去海宁确诊了。这不闹呢，也不知道什么时候能开学";
关于视频最后的案例：1.该哥们作为北京人，在不违反隔离规定的前提下出门是没问题的。2.该哥们跑到北京和河北之间省界附近爬山，前后至少500米没有其他人，属于人员密度小的户外，可以不戴口罩。3.该哥们收到“河北欢迎你”的短信，说明手机已经连接到河北移动基站信号，坐过跨省火车的朋友应该经历过。4.该哥们手机进入河北信号范围，电信供应商会记录其连接位置的改变。5.通过大数据分析，会改变该哥们的防疫风险评估，所以在社区查验身份时被认定为进京外来人员。“健康码”“绿码”应该就是采用类似方法。;
"老师老师，，您对现在社会的嘴臭风气怎么看，，我不喜欢这种风气，我身边好多人都开口闭口骂妈，，<img alt=""[tv_doge]"" class=""small"" src=""//i0.hdslb.com/bfs/emote/6ea59c827c414b4a2955fe79e0f6fd3dcd515e24.png@100w_100h.webp""/>";
罗教授，您能为山东烟台的养女案的受害者提供些帮助吗？这个社会太黑暗了;
就像是一场梦……;
B站可真是积极 全黑白的。一点多余内容没有。强制性灌输。;
只要别援助医生就好，我国的医生真的太累了……当然，如果是为了评职称刷资历之类（不是贬义，提升自我价值从来不是贬义）自愿的话还是遵循自愿原则想去就去。但千万别出现什么下任务支援，医生们是战士，但哪怕是战士也需要休息。。。;
医生不管是哪里的都很难跟辛苦啊;
医生惊醒了，民众还在沉睡中。;
这就是前期防控漏洞造成的恶果，最后受苦的是前线的医护，这样的病历增长数，医疗系统不崩溃才怪。;
最初，没有人在意这场灾难，这不过是一场流感，一次山火，一个物种的灭绝，一座城市的消失。直到这场灾难和每个人息息相关。;
"看到大家嘲讽美股暴跌，却没人关心美股中的中国企业，气的我浑身发抖。你们难道忘了那个天天发福利，帮我们实现梦想的ta了吗？孙哥，麻烦让让！瑞·民族之光·国产福利姬·反向美股收割机·幸！我建议大家给我点赞，平复我发抖的身躯<img alt=""[妙啊]"" class=""small"" src=""//i0.hdslb.com/bfs/emote/b4cb77159d58614a9b787b91b1cd22a81f383535.png@100w_100h.webp""/><img alt=""[妙啊]"" class=""small"" src=""//i0.hdslb.com/bfs/emote/b4cb77159d58614a9b787b91b1cd22a81f383535.png@100w_100h.webp""/>";
我更想知道美股下跌对我们经济的打击有多大，失业率会不会雪上加霜。我两套房子在出租，其中一套年前退租后，一直到现在都没租出去。挂在网上，连来问的都没有。每天都要损失一百多块，心痛啊;
稍微理性点，因为疫情裁员非常正常一件事，像马云那样35岁以后就叫别人回馈社会的人，才是非理性，这种更应该唾弃，压榨劳动力嘛，剩余价值不大了，就裁，换新鲜的20岁劳动力接着压榨。而这个视频里，优步也很明确说了原因，就是因为没有客户了，所以要裁员。别人一个季度亏损200ERMB，一年800ERMB。马云马化腾都经不起这样造。你们猜猜优步市值有多少，现金流又有多少。已知市值才4000ERMB，现金流估计1000E都没有，这样发钱下去怕不是2年就得破产，如果破产其他3W工作机会也没有了。是不是很可怕。;
搁到阿里，这叫回馈社会;
国内企业也都挺严峻的，做外贸的基本死一半了，希望观望也多关注下;
这评论区阴阳怪气的，经济不好一些大公司辞退一大批人不是很正常的吗？难道评论区的大神别有高招？;
"其实这不用嘲笑，中国好多公司也裁员，过完年回去上班我就是被裁了<img alt=""[无语]"" class=""small"" src=""//i0.hdslb.com/bfs/emote/44667b7d9349957e903b1b62cb91fb9b13720f04.png@100w_100h.webp""/>而且人家国外裁员人家赔偿机制要比中国很多企业做的好。";
诸位评论着的，特别是在这个时期评论的，大多都是学生，没工作，甚至都不是大学生。建议你们好好观察一下你们父母的表情和情绪。仔细观察就应该明白，已经到了风口浪尖积重难返的临界点了。现在最不需要的就是乐观，你要是相信统计局，那你可以不看我的评论。一个对外贸出口这么倚重的曾经获得某某制造的国家，闭关锁国了，外贸不好做了，经济不可能好。没有高新技术支撑，只能说全靠中国自己国内经济体量大，市场大，才能勉强撑住。这也只是撑住，普通民众，背着贷款的普通收入者破产只是早晚的事。我国和美国走了不一样的路，我们全面封锁，美国全线开放，现在看来，一个把病当病治，一个把病当任务。各有利弊，关键是诸位，你们获利还是受弊。;
"资本主义固然可恶，但是我们也不能拿着键盘空想。疫情影响到的是所有人，企业会亏钱，员工也会被牵连遭到辞退。企业不是慈善机构，几百上千人的几个月的工资要发，同时因为疫情也亏了几个月的收入，那加起来可就不是亏一点钱那么简单了。加之，员工几个月没有工作，那又凭什么要发这几个月的工资呢？现实一点各位<img alt=""[无语]"" class=""small"" src=""//i0.hdslb.com/bfs/emote/44667b7d9349957e903b1b62cb91fb9b13720f04.png@100w_100h.webp""/>";
你们笑什么笑？有一说一，外企比99.99%都比国内那些私人企业良心的多的去了，至少这些员工被裁的时候还能拿到法定的赔偿。我一朋友今年三月份就被开了，工资都没发齐，n+1更是做梦。起诉老板？饭都快吃不起了，他还有房贷要还，哪里来的时间跟资源去告？就这直到现在他还在挣扎求职。;
评论区都是善人啊，麻烦养一下3500人;
"不是→_→这很正常吧，疫情期间大家出不来，也不用打车，为什么不裁员<img alt=""[喜极而泣]"" class=""small"" src=""//i0.hdslb.com/bfs/emote/485a7e0c01c2d70707daae53bee4a9e2e31ef1ed.png@100w_100h.webp""/>接着养员工吗，咱们中国也没有这样的企业吧";
这演技在中国至少是一线水平，比那些只会说12121212好多了;
"业务能力太差了。本来350人客服就够了，你们居然要3500人来干<img alt=""[抠鼻]"" class=""small"" src=""//i0.hdslb.com/bfs/emote/cb89184c97e3f6d50acfd7961c313ce50360d70f.png@100w_100h.webp""/>";
看着这个女人说话的表情，不由自主的就想到了几句歌词：    简单点    说话的方式简单点　　递进的情绪请省略　　你又不是个演员　　别设计那些情节　　没意见 我只想看看你怎么圆　　你难过的太表面    像没天赋的演员　　观众一眼能看见;
"工作的人越少，消费就越少流动的钱越少，公司就会缩小业务继续裁员然后继续循环。恶性循环<img alt=""[微笑]"" class=""small"" src=""//i0.hdslb.com/bfs/emote/685612eadc33f6bc233776c6241813385844f182.png@100w_100h.webp""/>";
你们是反外反资本反傻了？几个热评全是玩梗的;
这种全球灾难嘲讽实在没啥意思 我家饭店今年一月刚开张就完犊子 好几个学程序搞外贸的同学都进了电子厂 电子厂还没啥订单 靠父母养的学生就别张嘴了;
我寻思刷梗的脑子有问题？你公司亏钱了不裁员？你当人家老板的钱是大风刮来的？;
这裁员不是很正常吗？公司也要过啊，谁回想浪费钱然后说不定导致自己倒闭了，你们是老板你们不裁员吗？;
"来来来 评论区老哥出个主意，既能让这3500人保住工作，又能让公司保证不亏损不倒闭！<img alt=""[doge]"" class=""small"" src=""//i0.hdslb.com/bfs/emote/bba7c12aa51fed0199c241465560dfc2714c593e.png@100w_100h.webp""/>";
评论区好恶心啊。。。，你们不知道国内的实体经济打击了多少吗;
评论不会觉得中国没事吧？？多少企业发不起工资 ，多少人失业 多少公司倒闭，还在那边幸灾乐祸,这是全世界范围的打击;
这事和资本家的丑恶嘴脸性质不一样 拜托各位不要无脑玩梗;
这很正常啊，国内也这样，我再也没看到他们开业了;
"我们国家倒闭了多少公司 辞退了多少员工 弹幕可能嘲着对面非常优越 但是数据都公布大家都知道吗？不说了明天还要去派出所报案 交了保证金的公司倒闭了拿不回来<img alt=""[呲牙]"" class=""small"" src=""//i0.hdslb.com/bfs/emote/b5a5898491944a4268360f2e7a84623149672eb6.png@100w_100h.webp""/><img alt=""[呲牙]"" class=""small"" src=""//i0.hdslb.com/bfs/emote/b5a5898491944a4268360f2e7a84623149672eb6.png@100w_100h.webp""/><img alt=""[呲牙]"" class=""small"" src=""//i0.hdslb.com/bfs/emote/b5a5898491944a4268360f2e7a84623149672eb6.png@100w_100h.webp""/>盛世太平";
相信我 我知道公司高层在思考什么 他们老早就需要裁员了 突然大批的裁员免不了让剩余的员工感到无助和恐慌 也增加跳槽的几率 而且 自动化的普及 移动设备和在线支付 恐怕前端客服人员已经变成一种摆设 至于为什么我这么确信 因为5月3日老板找我说过这个事 我的答案就是借着疫情裁员 我惊讶的发现在大洋彼岸也有人像我一样臭几把不要脸的用这种理由去剥夺别人的工作;
"现在反资本主义的人是挺魔怔的，只要是老板就是资本家，只要老板赚的比员工多就是剥削无产阶级，公司倒闭了也不能裁员，要去银行贷款发工资，还得要股份分红，因为公司是靠员工赚钱的，公司赚钱员工也要分红，每天上班8小时，下班就不能找我，找我就是加班对我休息时间剩余价值的剥削，如果公司真的破产倒闭也与我无关，拍拍屁股可以走人换个工作。公司要给我分红，又不可以让我加班，也不可以裁员，还不用担责任倒闭了是老板一个人的事情。<img alt=""[doge]"" class=""small"" src=""//i0.hdslb.com/bfs/emote/bba7c12aa51fed0199c241465560dfc2714c593e.png@100w_100h.webp""/>，";
人毕竟是社会性生物，个体之间是相互影响的，过度私有化和过度公有化都是不利于社会发展的，唯有平衡才是正道。;
我有一说一，作为医疗人员的一员，反对“白衣天使”的称呼。被这个称号绑架了的前辈和同行太多了。我们可以是与疾病战斗的战士，但真的，我们不是所谓“上帝”派来拯救人间的天使。;
妹妹的口罩带的不对啊！;
啊这，我初中学校门口旁边还有辆停了5年的车呢，车主活的好好的，因为车主去国外居住加上那车好像太旧还是什么被扔在那也没人处理。5年车都没人说什么xx去世了，就疫情几个月就敢随便指辆停的久的车就说车主去世了。那造谣的人我能不能说我好久没看到你父母了，然后对外说你父母因为疫情去世了可好？;
看到自己的不足才能前进，实力比其他都重要。中国目前是世界实体经济的供给方，西方是需求方，虚拟经济（含金融）方面，中国目前是被动需求方，西方是供给方，两者相互依存。实体经济方面内需市场无法吃下足够的产能，虚拟经济方面确实也依靠西方的供给。因此中国和西方无法真正意义上对立。改革开放后的韬光养晦政策让中国有了世界工厂的实力，但是产能的升级换代，虚拟经济的升级才是第二阶段中国关键的要素。因此现阶段盲目自大，强调对立状态实际上是一种信息不透明导致的偏见。中国还需要下一个稳定的10年告诉补短板。韬光养晦固然难受，但确实是一条捷径。;
都说三体怎么牛逼，但是我想说的是如何在壁障破碎前保存自己的文明才是正道。外星入侵？真是可笑文明可以说是宇宙最珍贵的结晶，傻了才会去毁灭一个可能在壁障破碎前能提供帮助的自己的文明。你以为奇点爆炸是偶然？其实奇点爆炸是必然，你以为宇宙在扩张？其实宇宙在被拉扯。空间壁障就像大气层一样，一带壁障破碎整个宇宙就会以超越光速n倍的速度坍塌收缩，直至成为一个超级黑洞也就是奇点，当物质密度达到极限后就是一个大爆炸。科普一下，时间不是独立存在的，而是依附于物质，空间虽然能够独立存在，但是需要物质和时间的支持。其实不管是空间和时间都有办法证实它的由来，唯独物质基础粒子无法证明其出处和由来，大爆炸不算，那只是一个轮回;
经济大萧条之后不可避免的会引爆战争，最坏的情况可能和100年前一样，中国要挺住啊，未来10年的变化注定要写进历史书的。;
"我就去过医院，因为咳嗽，医生问了两句。开了单直接叫我去照片（胸部正位片）和验血（五分类全血细胞分析）一共150￥，后面看着没事就开药给我了 170￥。老婆去住院的时候，第一时间就是要求你去验血（五分类全血细胞分析）和核酸检测0.1￥（要好几个小时才会出结果忘记了多久，反正是隔天才拿结果） ，第二天继续测，要去拍CT  500￥。。。。看个咳嗽都贼费钱。唉<img alt=""[捂脸]"" class=""small"" src=""//i0.hdslb.com/bfs/emote/6921bb43f0c634870b92f4a8ad41dada94a5296d.png@100w_100h.webp""/>";
最近看了很多这样热血沸腾的视频，略微有点膨胀了，我要自我反省一下，可以自豪，但不能因此膨胀;
"本来想去唱歌的，但万一有个确诊的我就完了，所以不去。然后准备去吃火锅的，外面万一碰见个确诊的我不亏得慌？还是别去了。不是我钱包空，我有钱的，主要是怕遇见病毒携带者<img alt=""[doge]"" class=""small"" src=""//i0.hdslb.com/bfs/emote/bba7c12aa51fed0199c241465560dfc2714c593e.png@100w_100h.webp""/>";
;
;
;
;
;
;
;
;
;
;
;
;
;
;
;
;
;
;
;
;
;
;
;
;
;
;
;
;
;
;
;
;
;
;
;
;
;
;
;
;
;
;
;
;
;
;
;
;
;
;
;
;
;
;
;
;
;
;
;
;
;
;
;
;
;
;
;
;
;
;
;
;
;
;
;
;
;
;
;
;
;
;
;
;
;
;
;
;
;
;
;
;
;
;
;
;
;
;
;
;
;
;
;
;
;
;
;
;
;
;
;
;
;
某机构眼中:又可以要一波黑钱了恨国党眼中:这个国家叒叒要完了父母眼中:问题不大留学生眼中:mmp你这让我咋回家？普通中国人眼中:一定会挺过去的;
慈善机构好评;
不多说，鄂A0260W牛批;
年头拿人救命钱，年尾发你死人钱。预祝武汉红十字会发大财。;
网上的你们：武汉加油！现实中的你们：把这个武汉的抓起来;
真服了这些赚国难财的人，楼下小卖部老爷爷口罩都是免费给大家发;
真的贼厌恶网上卖口罩的，就没个正常店，全部都是天价还不是医用口罩，天价就算了还要卖假的，骗钱就算了万一别人戴了你的假口罩被传染了怎么说真的太可恶了;
;
;
过了这么久我终于想明白了那些人为什么要吃蝙蝠，因为他想开启集五蝠 全民瓜分三亿病毒 还有机会得全家蝠。;
说句实话我已经买了防毒面具，举报了当地医院一只90口罩卖40！哎长城药店真的是丧良心;
我眼睁睁看着一个消毒面具商家的100万＋存货被买空;
买到假货的来了  从假货贩子口中问到正品代理商已经没货了且官方网店都下架了 所以现在还在卖的都是假货 求置顶;
我竟然举报了至少两百多家黑店，太正义了;
昨天还一众便宜 今天再看淘宝 翻了三倍不止;
武汉本地人看见也没用、，快递不往我们这送，我在网上问店家口罩能发货武汉吗，结果店家给了我这个表情，之后就再也没理我了…;
防毒面具已经涨了3倍;
我真的很无语，我家是甘肃的，我16号从天门回来，在武汉高铁站转车，在车站内换乘，待了不到一个小时，回来后我就自我隔离，每天坚持测量体温，都很正常，我妈说，隔离14天让我出门，但是我昨天在阳台上竟然看到一辆武汉的车大大咧咧的就停在我们小区院内，！我要疯了！;
隐瞒疫情，将成千古罪人。 带病回乡，不肖子孙。 吃野味，从初七到头七。 偷吃野味 ，太平间c位 。 今年上门，明年上坟。 请停下你回乡的脚步！;
就应该这样宣传啊！不然有些人总感觉跟自己没关系，不重视，让带口罩不听，总说小题大做，出洋相神经病！;
我广东的，我舅舅一大早就告诫我们不可以去见从武汉回来的亲戚，那些接触过武汉亲戚的人也不要靠近他们。另外——不许来拜年了！！他反复重复聚会取消。不要去拜年了！真的是中年人典范;
可能我是个假的河南人吧，我们村就有两个刚从武汉回来的，而且到处串门递烟，而且整个村就我们同龄人戴口罩，其他人和没事一样。;
气死我了！我单亲在爸爸这吃完年夜饭去妈妈那，我妈开车来接我。今天因为这个和我妈吵一路，她那离我爸这差不多一个小时路程，刚上车开始吵吵到下高架，突然说要送我回去回去路上还和我在那吵！她说她就是不带给我气死了;
真的了，都应该学学啊！东北虽然远也要重视！我们为人子女真是人微言轻，劝父母长辈戴口罩少出门，收货的只有白眼，大过年的还跟他们掐架;
我河南焦作的，你们别再夸我们河南了，我昨天回我奶奶家大街上带口罩的只有一半，消毒的城市只有大城市，我们小城市没人理会，只有村子里有人自发性的防范，唉。;
还是河南政府重视，我这就武汉旁边的一个城市已经封城了，但是社区的麻将馆还是正常营业，父母家人还是到处拜年吃年夜饭;
害 我们这也有这种车结果一看车上横幅是不要燃放烟花爆竹;
我们这里没一点反应，甚至还在一天到晚宣传禁放烟火;
江苏你看看人家，学习学习;
我河南某地级市市区里的，没见过这样的宣传(´･_･`)也没有社区统计这些。我也很迷惑;
真的是，今天劝我爸不要出门，完全不听！气死我了，我们这边已经有人感染了！;
如果我抓住第一个吃蝙蝠的人…;
嘿新年好啊兄弟我是个学生现在我天天盯着手机的电子课本看着卡的要死的直播把手机往地摔坏了你TM没事干吃什么蝙蝠;
