这次国内疫情，大家能撑这么久有一部分原因也是因为我们大部分人有足够的储蓄能够支撑我们，我们超前消费的观念还没有特别严重，还是要警惕消费主义，特别是年轻人。;
这是逼死美国穷人的节奏，中国完全是制度优势。;
"<img alt=""[doge]"" class=""small"" src=""//i0.hdslb.com/bfs/emote/bba7c12aa51fed0199c241465560dfc2714c593e.png@100w_100h.webp""/>事实证明老一辈兔子存粮的习惯关键时候能救命";
突然发现，有些中国传统习惯太好太及时了，比如存钱。;
"嘛，中国人有个传统，大多数人都有“囤”的习惯，很少有人在经济情况正常的情况下  没有存款的。囤物资的情况也是非常常见了(~_~;)";
感觉中国各省像兄弟，正常情况下各种黑，一但有难就拼命帮;
说白了，老美的联邦制度是将各个独立小国家融合起来作为一个大国，各个州之间又一定的独立权，，ZG的社会主义制度各个省权力没那么大，还是要听中国政府的，采购医疗啥都都是政府统一采购统一下发，虽然现在一次性口罩在国内还是4块钱一个，感觉死贵死贵，但相比较来说国家控制价格比商人控制要好很多;
"小心啊杰瑞~中国加油<img alt=""[加油武汉]"" class=""small"" src=""//i0.hdslb.com/bfs/emote/eb966aaa5b690d3f9308a9f936f5b5a72a7f956b.png@100w_100h.webp""/><img alt=""[加油武汉]"" class=""small"" src=""//i0.hdslb.com/bfs/emote/eb966aaa5b690d3f9308a9f936f5b5a72a7f956b.png@100w_100h.webp""/><img alt=""[加油武汉]"" class=""small"" src=""//i0.hdslb.com/bfs/emote/eb966aaa5b690d3f9308a9f936f5b5a72a7f956b.png@100w_100h.webp""/>";
"还有5分钟到4/8号了！武汉彻底解封了呀！<img alt=""[拥抱]"" class=""small"" src=""//i0.hdslb.com/bfs/emote/41780a4254750cdaaccb20735730a36044e98ef3.png@100w_100h.webp""/><img alt=""[拥抱]"" class=""small"" src=""//i0.hdslb.com/bfs/emote/41780a4254750cdaaccb20735730a36044e98ef3.png@100w_100h.webp""/>终于……好激动";
Mlgb,我们需要外国人的称赞和承认吗？;
当我们低下头时过去历历在目当我们抬起头时未来幸福美满;
经过这次疫情，真的充分显示出了中国制度的优越性，很多人可能会奇怪，为什么即便到了现在，在国外还是会有很多人不带口罩，不服从安排，不去检测等等，前两个是因为物资短缺或者所谓“人权思想”，后者则是因为在资本主义国家，大多数的医院都是私立医院，去看病的价格是非常高的，以及利益集团不会在意与他们的私利无关的任何事情。还有一些大国做出的事情真的是我们一般都会觉得非常羞耻的，但他们真的就是那样去做了，因为他们真的只在乎眼前的利益。至于美国，我真的希望善良的人可以好好保护自己，好好活下去，但是，我个人只会送一句：美国加油！;
"每次看到美国队疫情的措施我就感觉自己上辈子拯救了宇宙！生在了中国这么好的国家<img alt=""[打call]"" class=""small"" src=""//i0.hdslb.com/bfs/emote/431432c43da3ee5aab5b0e4f8931953e649e9975.png@100w_100h.webp""/>";
我妈昨天还问我：为什么你们能够及时告诉我们（长辈）关于疫情的最新消息？能够从各个角度来反驳“我们”的错误观念？为什么国外的青少年做不到？我：我们能知道最新的消息，是因为政府和媒体想让我们知道。如果政府，媒体和财团不想让我们知道，那么即使个别人侥幸知道真相，ta也很难散播出去，让更多的人了解不是“青少年”天然地知道信息，而是青少年更容易获取最新消息——而这，终究是需要国家出面的;
从老郭这个视频里能感觉出来，中国和美国从年轻人上就是不一样的。这次疫情爆发，很多中国年轻人都害怕家中的长辈不戴口罩，希望新闻联播可以多报道，政府可以多劝说中老年人戴口罩；但是美国很多年轻人还是活在当下活在每一天活在party中活在玩乐中。我们生怕政府或者媒体为了缓解民众焦虑情绪而隐瞒一些信息而不停的在网上强调这次的疫情有多严重，美国的青年还在为每天的“自由”而努力，真的也是让人感慨;
这次疫情真的是把每个民族的个性展现出来了中国坚韧不拔勇于抗争日本赌一把，依然是疯狂的没有理性德国理性冷酷就是抢英法美已经在资本主义的愚民道路上越走越远了;
如果没有保护医生，医疗资源耗尽，倒霉的是谁啊？你们自己想吧。。冷眼旁观甚至讽刺嘲笑无辜死者，受害医护人员的，无异于也是医闹帮凶。感谢祖国感谢人民群众经受住这次打击，但愿人长久。;
中国加油！;
难怪四大文明古国只有中国传下来了。。。;
我这边最开始没有封村和出入量体温的时候大家也只是「听说到了，那是武汉的事」，但是还没有到「很小心，害怕」的地步。所以政府的行动真的很关键，必要的时候他们需要给以为病毒离自己很远的人一个信息。;
武汉好像要解封辣;
现在95后 00后的年轻人成长于腾飞的年代 他们展现出了比他们父辈更多的民族自信60 70后左右的一代 没有经历过战争年代的淬炼 成学时 改革开放后的先进和落后的冲击中迷茫  涌现出的公知数量就是正态分布以60 70后居多 方方作为当时的知识分子只是那个时代下的红利 日记内容表达的格局与认知 不如现在的高中生 未来等他们退出历史舞台 年轻人就是国祚昌盛的的亲历者;
还好中国疫情控制住了，经济还是会回升些吧，所幸现代医疗科技发达，不然新冠挪到古代就是另一个黑死病……看美国这趋势疫情不知道还有多久能被控制住;
"希望中国趁着这次机会崛起。<img alt=""[罗小黑_干杯]"" src=""//i0.hdslb.com/bfs/emote/04cf6b7a2f0f24909e1894694daa5c6c668e1f17.png@100w_100h.webp""/>";
政府在很多年前是抱怨的对象和不自由的代名词，西方国家以人权和自由的名义诋毁中国，几十年来中国依靠自身的发展，特别是这次疫情后，强大的祖国无处不在的保护每一位中国人，才深知政府的不易和艰辛，这才是我们中国人民要的自由，强大的祖国万岁，中国人民万岁。;
小时候觉得全世界都这么安全，这种安全是理所当然，长大了才明白，原来是我生在了中国这么一个超级无敌棒棒哒的地方。我还能说什么呢，我爱中国;
"不要选择性失忆，出过国的都知道，中国在交通，基础设施，移动支付，工业体系，太空探索，城市治安，女性地位，网络普及....这些领域都处于世界领先水平，甚至在交通和基础设施方面碾压一众发达国家，中国早在2017年高铁里程总长就占了世界总长的66%，全世界所有高铁里程加起来也不够中国看的！香蕉人总喜欢拿中国的缺点去比发达国家的优点，他们完全忘记了中国是一个发展的比印度还迟的发展中国家，你要比起码得公平点吧？我们最应该比的不是应该是印度吗？然而这个国家几乎没有哪个领域能和中国比肩，经济我们更是它的五倍，人均也完虐它！即使跟发达国家比，除了人均和高科技核心技术，我们还输他们什么？香蕉人又会说到民主自由，如果你说的民主是一张选票不选牛就只有选猪的，两个利益集团选好了给你选的领导人，或者能在网上骂总统SB的自由，再或者是可以暴力反抗疫情隔离的人权？那我觉得这些我宁可不要，我也要一个能在国家危难时刻，随时能调动全国资源去拯救国家的强悍政府，我想要的是一个能不计成本修桥铺路修高铁的政府...这个国家每个人都有出去创业赚钱的权利，每个人都有出国的权利，每个人都有考公务员的权利，只要你有能力，你就能享受优质的物质生活，这跟西方没什么区别！一个发展中国家能做到这么多已经算是奇迹了，你要实在不喜欢这个政治制度，可以试着去民主自由的印度住上几年<img alt=""[抠鼻]"" class=""small"" src=""//i0.hdslb.com/bfs/emote/cb89184c97e3f6d50acfd7961c313ce50360d70f.png@100w_100h.webp""/>";
弹幕有人说，“巴西的贫民窟和中国的城中村一样”，嗯是的，看起来都脏乱差，但区别自安于，中国生活在城中村的人，他们有希望。;
很难想象，除了中国，世界大部分都在腐蚀中走向没落，有的外表华丽有资本，实则内部腐蚀，有的则明目张胆的腐蚀。真的到了一定程度，怕是未来的中国也无能为力。;
为人民服务真的是为人民服务，，原来真的不是口号而已，这么多年真的感觉到了;
"我上辈子是修了什么福，生在中国<img alt=""[tv_思考]"" class=""small"" src=""//i0.hdslb.com/bfs/emote/90cf159733e558137ed20aa04d09964436f618a1.png@100w_100h.webp""/>";
"<img alt=""[捂脸]"" class=""small"" src=""//i0.hdslb.com/bfs/emote/6921bb43f0c634870b92f4a8ad41dada94a5296d.png@100w_100h.webp""/>看完文在寅和李家的争斗之后最让我惊叹的不是政治上激烈的斡旋 而是无孔不入的官商勾结。能把行贿罪改成“被迫行贿”这在中国判处来真的会动摇法律公信力，引爆社会情绪。韩国影视界像寄生虫 82年生的金智恩 熔炉 素媛这样的好电影都是世界一流水准，但却还是让N号房事件发生，让百姓对法院的滑稽判决深入骨髓的麻木，真的不可谓不可悲。最近罗翔老师在B站普法，再加上外国人驻中国条例让老百姓参政议政和我不是药神里的药物纳入医保，真的是让老百姓对法律对社会有希望有盼头，尽管平常在网络里我自己也有哀叹一些负能量，但在目睹韩国这样庞大的丑陋屡次出现之后，还是会感慨一句，幸好自己活在中国。<img alt=""[支持]"" class=""small"" src=""//i0.hdslb.com/bfs/emote/3c210366a5585706c09d4c686a9d942b39feeb50.png@100w_100h.webp""/>";
希望这次疫情之后，我们国家的传染病防治以及信息传递能够再次大升级！;
"一次疫情不会改变世界格局，但是疫情发生以后，会展示出现在世界格局真正面貌的一角。<img alt=""[吃瓜]"" class=""small"" src=""//i0.hdslb.com/bfs/emote/4191ce3c44c2b3df8fd97c33f85d3ab15f4f3c84.png@100w_100h.webp""/><img alt=""[吃瓜]"" class=""small"" src=""//i0.hdslb.com/bfs/emote/4191ce3c44c2b3df8fd97c33f85d3ab15f4f3c84.png@100w_100h.webp""/><img alt=""[吃瓜]"" class=""small"" src=""//i0.hdslb.com/bfs/emote/4191ce3c44c2b3df8fd97c33f85d3ab15f4f3c84.png@100w_100h.webp""/>";
"中国加油<img alt=""[加油武汉]"" class=""small"" src=""//i0.hdslb.com/bfs/emote/eb966aaa5b690d3f9308a9f936f5b5a72a7f956b.png@100w_100h.webp""/>";
纵观华夏历史 我们才是真正的战斗民族;
"我爸去年11月动脉瘤，做了收拾，如果没有医保，这一场病要10万+的治疗费用。而医保报销了7成<img alt=""[点赞]"" class=""small"" src=""//i0.hdslb.com/bfs/emote/1a67265993913f4c35d15a6028a30724e83e7d35.png@100w_100h.webp""/>，只花了3万多，还有保险报销，基本没有花钱，可以说中国为老百姓服务付出太多了。<img alt=""[大笑]"" class=""small"" src=""//i0.hdslb.com/bfs/emote/ca94ad1c7e6dac895eb5b33b7836b634c614d1c0.png@100w_100h.webp""/><img alt=""[大笑]"" class=""small"" src=""//i0.hdslb.com/bfs/emote/ca94ad1c7e6dac895eb5b33b7836b634c614d1c0.png@100w_100h.webp""/>";
陈平老师说过当今中国不用盲目学美国搞市场化，私有制，自由经济学那一套。在医疗领域坚持公有制，不搞私有制那一套;
"太感动了，祖国富强<img alt=""[加油]"" class=""small"" src=""//i0.hdslb.com/bfs/emote/c7aaeacb21e107292d3bb053e5abde4a4459ed30.png@100w_100h.webp""/><img alt=""[加油]"" class=""small"" src=""//i0.hdslb.com/bfs/emote/c7aaeacb21e107292d3bb053e5abde4a4459ed30.png@100w_100h.webp""/><img alt=""[加油]"" class=""small"" src=""//i0.hdslb.com/bfs/emote/c7aaeacb21e107292d3bb053e5abde4a4459ed30.png@100w_100h.webp""/>";
医保救了我的家庭。我家本就不富裕，家长都是很多很多年前来打工的，然后有2个亲人患了重病，有段时间还是住的ICU，雇两个保姆，当时一天的花费比父母一个月工资还高几千。幸亏有医保报销，不然家里就没法过了;
这次疫情真的给全国人民上了一次中国制度公开课！加油，我们伟大的祖国！;
"此生无悔入华夏，来世还在中华家<img alt=""[奋斗]"" class=""small"" src=""//i0.hdslb.com/bfs/emote/bb2060c15dba7d3fd731c35079d1617f1afe3376.png@100w_100h.webp""/>";
说个实事吧，我母亲脊髓炎住院治疗20天我现金交了4万，期间使用丙球蛋白5天每天仅丙球蛋白费用5000共2.5万且不在医保范围内，出院后退款2.3万，厚厚的一沓费用明细也没看明白，最后估计可能是我母亲退休前单位有大病保险报销了一部分丙球蛋白费用要么不会花费这么少，住院看病只刷了一次医疗卡很方便，没有祖国的强大哪有现在的好生活！;
"看哭了，因为新冠疫情从初一就一直上班，上到颈椎凸出两节，还一堆肩袖损伤问题，到医院看病，做了小针刀，还有些叫不出名字的微创手术，医保报了大部分<img alt=""[大哭]"" class=""small"" src=""//i0.hdslb.com/bfs/emote/2caafee2e5db4db72104650d87810cc2c123fc86.png@100w_100h.webp""/><img alt=""[大哭]"" class=""small"" src=""//i0.hdslb.com/bfs/emote/2caafee2e5db4db72104650d87810cc2c123fc86.png@100w_100h.webp""/><img alt=""[大哭]"" class=""small"" src=""//i0.hdslb.com/bfs/emote/2caafee2e5db4db72104650d87810cc2c123fc86.png@100w_100h.webp""/>建立这个国家时说会让我们过得好，他们一代又一代地努力，真的做到了！！！";
其实还有一个原因，美国一个医生的教育成本远远高于中国，当然，其他也同样。我爱中国，可能在美国，我都读不起书。;
你说的都是对的。但是我们也应看到，美国还是那个美国，只是我们的心态变了而已，曾经我们吹他们的医疗技术，不可否认，他们的顶尖医疗器械及医生都是比我们好很多的，但是，当我们转移视角，才能发现每件阳光事情的阴暗面。这就是为什么我们国家倡导建立文化自信，民族自信，因为大家都一样，但是当你自卑时就只有妄自菲薄，而自信时才能看到原来没有什么不同，甚至我们更好；才能提高民族凝聚力和向心力，告诉大家，我们有一个值得我们骄傲与自豪的名字，那就是中华民族，炎黄子孙。;
说中国医保没用，大病搭进去一辈子的纯nt，你真的有亲人得过大病吗？章口就莱？我爷爷去年肿瘤手术花15万报销差不多七成，只花了4万多，这还不够好吗？;
我快40岁了，80后，我说说我的看法。小时候和现在真的不太一样，但是近10年来，我感觉自己被发展甩在了后面，2008年奥运会，我已经上班，工作也一直平稳，所以突然2020年回头一看，我们国家的高铁从排不上名次到世界第一，用的就是这十几年，十几年前，即便是奥运会时期，我觉得中国已经很好了，可是很多人还是说国外好，很多人想尽办法去当外国人，如今他们有些人梦寐已成了，可是他们也一样忽略了这10年间的世界变化。你在车站远远的望着开来的列车，速度看起来并不快，可以等他与你擦肩而过的时候，你就会发现，你永远的错过了这班车。;
我爸爸尿毒症透析了三年，腹膜透析液没报之前一袋要几十块钱，报了之后一袋也就两三块。我妈妈都说了，要是早了十年得这个病，我爸爸就只能等死了。所以我永远感谢中国的医疗制度，有它我才没失去我爸爸。;
"果然不出我所料，评论里肯定有围中救外的憨憨，国家并不是绝对完美的，也有他的缺点，但他正在努力的改变，进步，发展，阴阳怪气的建议移民美国，去了记得私信给我们你有多幸福<img alt=""[芮小凸小凹_超棒]"" src=""//i0.hdslb.com/bfs/emote/987947c1bdac0bc10b684f28baaec78176023b83.png@100w_100h.webp""/>";
我终于知道我为什么这么非了，因为我为了生在中国用光了所以运气;
所以我哥辛辛苦苦的熬夜，上课，在你们旅行的时候学习，在你们睡觉的时候手术，在你们放松的时候绷紧精神迎接下一个患者，而美国呢，对大多数人来说，中国，真好，对我和我哥来说呢……;
5000年的文明古国不是白来的;
我相信，我们这代人必将见证中华民族的伟大复兴！;
"2021年春节贺岁档电影《抗疫》我个人先名义上投资一下<img alt=""[OK]"" class=""small"" src=""//i0.hdslb.com/bfs/emote/4683fd9ffc925fa6423110979d7dcac5eda297f4.png@100w_100h.webp""/>";
为什么我的眼里常含泪水，因为我对这片土地爱的深沉。小时我不太懂爱国是什么   我只知道大人们常说  今天的和平是先辈用人命换出来的  直到渐渐长大  见得多了看的多了以后 我发现爱国不是什么态度  他是一种发自内心的喜欢  我发自内心喜欢我的国家  热爱我的生活  喜爱我的家人朋友   更热爱这片生我养我的土地  希望我深爱的祖国越来越好   我无条件的相信我的国家  哪怕他有万般不好  我相信  从建国到今天   经过了71年的我们   已经发展的不错了  以后的祖国只会越来越好  只会越变越强  别的国家比我们好的  我相信我的祖国以后会更好  中国加油  武汉加油🇨🇳🇨🇳🇨🇳;
2020，将是载入史册的一年。慢慢明白，我们中国靠的永远是自己，我们永远相信我们可以。;
没有任何困难能击倒一个可以造出万里长城的伟大民族;
我们的国家和人民虽然历经磨难，但是我们都顽强的挺过来了，因为我们的民族是勇敢的民族、是善良的民族、是智慧的民族！中华5000年的灿烂文化必将成就我们的伟业！;
中华民族的朴实和勤劳是垃圾资本主义所谓的文明永远无法企及的高度;
希望经过这件事，让那些动不动抨击中国医疗的白眼狼看看，西方医院运营到底比之中国好哪里去了? 中国医生与之西方国家医生相比过得是什么种生活。生死之间最想救你性命的到底是谁？危险灾难降临身边除了你的亲人，中国军人，医生，警察，还有谁站在你们前面，别只会说什么黑幕例外就抹黑一切，真想改变不好的存在就自己也献身此道去改变不好的现象;
别看平时小打小闹，真正的大灾大难才能显现出我们的中国魂！不屈不挠  团结一致！来跟我一起唱:黄种人，来到地上，挺起新的胸膛……;
这次疫情我们告诉全世界，绝对不要和中国开战！;
在疫情最严重的时候参加了志愿者，去偏僻路口执了几天夜半的勤。做的不够多，但不做的话我会后悔。我热爱我的祖国，祖国有难的时候，一定要团结，一定要勇于乐于奉献。;
我一个普通人，我不知道官方有没有修改数据，但是我可以清楚的看到我周围的人都很健康，很安全，在我的城市，甚至不需要戴口罩，你就能安心的走在大街上，在我的家乡感染数为零，我从来不相信是别人说的，哪怕是国家，我只会相信我看到的;
我们疫情已经控制住了，说实在的，这时候更改死亡病例其实只是给自己一个交代。毕竟死亡病例这个数字一般人统计不出来，所以通过这次官方主动校对死亡病例，我觉得绝大多数中国人，都会很欣慰。最起码政府很负责。;
中国nb;
为什么别的国家不行？我总结两点第一他们不是中国，第二他们的人民不是中国人;
Emmm没有这些对比我完全不知道中国这么nb了。因为已经习惯在这种环境中，出行刷码，网上办业务，普普通通，最后，中国nb！;
：我们不担心，国家肯定会给我们考虑好的;
：是蒙古国不是内蒙哦，我大内蒙所有电视台轮播鼠疫预防治疗知识，在新冠之前，满大街都是严防鼠疫的标语，去年有两个内蒙人被外来人传染了鼠疫，是用专车隔离送去北京治疗的，没有扩散。希望蒙古国也好起来吧。;
：祝福中国，祝福武汉，祝福那些曾经为此努力的人;
：湖北有心了;
：善良的人总是多的;
我们已经控制住了！！！;
他在，不怕;
没有任何困难能难倒英雄的中国人民！受命于天，既寿永昌！天佑华夏，瘟神退灭;
中国人民，是有很强的凝聚力，中国人民，是压不垮的，中国人民，是不可战胜的;
rna病毒的变异能力极强，希望尽快治好，不要给病毒成长的时间空间;
希望钟南山院士一定要注意保护自己啊！也希望疫情早日解决！;
希望当年应对SARS的经营现在能帮的上忙。 这也是对整个国家十几年来传染病方面应对措施建设成果的一次检验。;
愿平安;
我在海外工作，和我妈妈视频得知我爸爸已经写请愿书请求往前方支援了。我爸爸作为一名医生，做出了他最正确的选择。但我真的很自私，我只希望我的爸爸可以待在家里哪儿都不去，好好保护自己。祈祷每一位医护人员平平安安，早点回家！;
84了吗，好年轻好精神啊，希望钟院士身体永远健康，为国家为人民排忧解难;
我是一个普通人，我在雄安新区做农村气代煤改造，放假回武汉，昨天见了对象，今天封城了，其实说句心里话，不用人人自危，带好口罩注意卫生就可以了，大家还是过好年，如果老天爷真要收你，轮不到病毒，回来的路上高速上出了好多车祸，十几起，这还是我醒的时候亲眼看到的，河南下高速的时候差点撞到了，一辆火车侧翻在马路上，生命脆弱，大家也不要过于担心，注意卫生就可以了，不用搞得心慌慌，安心点，整日担惊受怕对身体免疫力不好，这个我是听别人说的，心情愉快身体健康。我目前在武汉，我回不去家了，一个人开了一个电竞酒店住着，打打游戏，吃吃外卖，屯屯方便面。希望天佑武汉，打游戏去的…lol，电一;
等我们打赢这一仗，然后一起去武汉看樱花好不好？;
我刚从西安回来，学校研学，回来前两天就咳嗽，回吉林后还咳嗽，但没有发热症状。看了看地图，还好西安和武汉离得挺远，而且我们火车不经过湖北省。遇到困难不要怕，戴好口罩微笑着面对它，消除疾病的最好办法就是相信国家，不出门就是胜利，加油，奥利给！;
祝你双肺纹理走形、分布正常，肺内未见实质性病灶，肺门不大，纵膈居中，心影不大，膈面光整肋膈角锐利。血尿常规正常，CRP正常，核酸检测阴性，鼠年新春快乐;
在座的各位都不配感染;
这一次的新型冠状病毒。看了大家的各种反应。社会的反应。只能用一句。满屏全是牛鬼蛇神，有为国出力的各种院士。奋斗一线的各位护士长们。也有各种人渣害人害己。刚出现无良商家囤积居奇。哄抬物价。真是不看不知道，一看各种人啊，作为普通人的我们只能说一句，大家加油，不要放弃。这个社会为国出力的人还是很多的。人渣也不少，但是大家尽量不要学他们。;
一定会好的！！！;
应该不会瞒报，主要现在医院人满为患很多病人来不及检查在家自行隔离，真正人数应该还要上浮一些;
我说几句，首先自己要对国家有信心，钟南山院士是国际权威的专家，他的诊断都是很有说服力的，更何况还有那么多优秀的老院士，不应该去怀疑国家甚至撒播恐慌。第二，不要相信网上非官方的捐助，就是有一些畜生要发国难财，评论区就更别发了。第三，抵制病毒，不抵制武汉，每个人都自觉做好防护措施，有症状自觉上报，每个人都一起努力抗击病毒，中国加油！💪;
大家一起为武汉加油，该捐款的捐款，该举报的举报都有途径，别在这拿键盘哔哔了，行动起来，最次也一起发武汉加油吧。武汉加油！！！;
武汉加油;
看着唾手可得的热评却无话可说。。。。算了算了，武汉加油！中国加油！;
没有一个冬天不可逾越，没有一个春天不会来临。武汉加油！中国加油！;
免疫系统：其实我有在赌，今天你和病毒只能活一个。  人：你到底是站在哪一边的？免疫系统：我不是在站在哪一边，而是守护整个人类文明。  人：我活不了，你也没有好下场！免疫系统：痴儿，如果今天你没死，那就为人类保留了一份对抗病毒的能力。 万一你遭遇不幸，病毒也无法传给别人，当然我也会一直陪着你，永不分离。;
woc,第一次那么早！先评论再说！希望武汉加油，中国加油，我们一定会挺过去的！;
人类就是靠着强大的适应能力进化到现在，这次的冠状病毒也是时间长河对人类目前行为的一次反思，希望人类引以为戒，武汉加油！;
武汉，我们等你！;
这两天我没少学和病毒有关的知识，武汉加油;
来了来了，武汉挺住，中国加油！;
一键三连，武汉加油;
武汉加油;
up啊，这期我等了多长时间你是不知道啊，真的，我等得好苦，但很值得啊！！这质量是真的高啊！！！！！upNB，武汉加油！！！！！;
woc，那么早，该说些什么呢 武汉加油中国加油;
一年前的我，还以为新冠就像非典一样，小打小闹感染几万人就会自己消失，可谁能想到，一年后的今天，新冠已经杀疯，全球感染人数快要破亿，但人类永远不会服输，人类的赞歌就是勇气的赞歌！生而为人，我很骄傲。;
2020.9.9回看。我，还活着。;
“这是我最后的信息蛋白了！收下吧！免疫系统！！！”;
武汉加油(ง •̀_•́)ง;
武汉加油，事情一定会过去的！;
我们需要勇气来抵抗！武汉加油！;
武汉加油！中国加油！必须严惩贩卖野生动物的罪犯！;
加油！一定可以战胜它的;
武汉加油，中国加油！没有过不去的严冬;
保重身体！希望疫情可以尽快过去。;
谁也没想到的是，2个月后，中国成为最安全的国家之一。。。;
最后一个看得泪目，武汉加油！中国加油！;
忽然觉得 我们作为宅男宅女是，一件很骄傲的事情了 。希望大家都平安;
老家是东北吉林省一个小城德惠，老爹前两天给猪买药去兽药店，老板娘在门口守着，“哎呀妈呀这时候了出门咋还不戴口罩呢”，边说着边给每个进屋的人免费发个口罩。我不否认每当困难来临是总不乏利益熏心者、甚至唯恐天下不乱者，但是要相信我们这个社会还是好人占多！加油！;
“你要把我关到什么时候！”豪华的私人别墅内，传来一阵阵玻璃摔碎的声音。总裁闲适的坐在沙发上，慢条斯理的点燃一根烟，“不让你出去是为了你好，乖。”暴躁的小娇妻闻言，咬着牙恨恨出声：“你到底要把我囚禁到什么时候？我恨你！”总裁微微眯了眯眼，起身压近她，抬起他的下巴，用手指拭去她的眼泪，低语道：“让你出去，可以，但是你要答应我一个条件。”小娇妻眨了眨泛着泪花的水眸。怯怯道：“要我怎么做？”总裁邪魅一笑，吐了一口烟圈：“出门戴口罩勤洗手咳嗽打喷嚏捂鼻口蛋类肉食类煮熟透人多热闹处不瞎凑避免感染者相抱搂野味海鲜不乱入口家禽野兽勿近接触口水痰液不随便吐注意多运动多通风防寒保暖不要放松健康饮食合理作息远可无忧近可无疾谣言不轻传不轻信关注报道实时跟进报道应以官方为准对应防御安排出行若有症状莫要心惊及时就医以便查明如有感染莫要逃避配合治疗共同助力传染病关乎所有人勿要嘲笑勿要侥幸共御危难心心相连齐心协力共度难关”。;
我来自一个医学世家，世代学医。     03年sars,我的父亲和姨妈倒在了抗击病毒的第一线，从此三口之家变成两人相依为命。     小时候常常在恨父亲为何如此残忍抛弃家人，独留下我们母子二人，最后的记忆里只剩下他背着包去往北京的一个背影。      17年后，当我作为一名医务工作者和母亲一起踏入武汉这片土地，投身一线工作时，终于理解了父亲的所作所为。当你作为医生时，病人眼神中对你带着的期望、哀求、无助，使命感油然而生，每每此时，都会想到在毕业典礼上庄重地说出一辈子都忘不了的希波拉底誓言。      一如17年前，父亲和姨妈义无反顾地登上前往北京的飞机，我和母亲现在依旧选择在这场没有硝烟的战争中，与看不见的敌人进行殊死搏斗。现在的我刚刚和第一批进入隔离病房的同事退下来正在接受隔离观察，当我终于有时间空闲打开手机看到外界消息时，真的很感动，全国人民在为我们一线工作人员加油打气，这么多天的高强度工作压力终于绷不住在病房大哭一场，但我明白我需要更加努力。       隔离期结束之后休息几天我将随第四批人员继续回到属于我们的战场，抢回更多的同胞。不计回报，无论生死！相信父亲和姨妈在天之灵一定会保佑这些病人以及母亲和我。       同时也向跟我一样奋战在前线的同行们表达最崇高的敬意，一定要平安归来。       加油武汉！加油中国！                                            ---转自几天前我的朋友圈 希望更多人看的 我们不传谣不信谣 宅在家里做一个理智 保持独立思考的人就是对疫情最大的贡献   武汉加油！;
保卫武汉，保卫长江，保卫华中，保卫全中国;
这期很棒，如果有曾经没看过毕导视频的人 真的可以看一看坚持看到最后，真的不喜欢看前面偏理论部分的可以看看最后几分钟，众志成城，病毒必然会攻克。;
学过社会媒体挖掘 病毒传染模型的来报道了 最后祝大家早日返校;
我还以为是啥，这玩意我小学二年级就学过了;
病毒其实不可怕，你宅我宅他就挂 遇到病毒不要慌，戴好口罩它就光;
奥力给;
武汉加油湖北加油！内蒙古加油！辽宁加油！吉林加油！黑龙江加油！北京加油！天津加油！河北加油！山东加油！山西加油！陕西加油！河南加油！安徽加油！江苏加油！浙江加油！福建加油！台湾加油！海南加油！广东加油！广西加油！云南加油！四川加油！重庆加油！上海加油！宁夏加油！甘肃加油！青海加油！新疆加油！湖南加油！湖北加油！江西加油！贵州加油！台湾加油！香港加油！澳门加油！中国加油！;
奥利给被你吃了;
什么时候病毒消失我不知道，但高三开学延期我是知道的;
病毒其实不可怕，你宅我宅它就挂。病毒其实不可怕，带好口罩它也挂。;
就你们，有什么资格染上肺炎，我在这里祝你们所有人都不被感染;
这是英雄的国度，是我出生的地方这是英雄的城市，是我奋斗的方向这是英雄的人民，是我坚实的后盾中国NB！;
都是参加国家大型工程的人了！！！要稳重！！！大家好，我们是云监工！！！;
哪有什么基建狂魔 只有中国底层人民工人和政府相互协助 才能在短期时间造起一座标配的3甲医院;
凭什么只有点赞的才能远离病毒啊，点不点赞在于视頻质量吧，祝大家都远离病毒不好吗;
理解大家最近都很憋闷。但我还是感觉这种把医院建设娱乐化的行为不太好。这不是苦中作乐，是建立在这场疫情中饱受磨难之人的苦上的乐。当然，这是我个人观点，有人和我观点不一致我也不会觉得有什么。;
笑着笑着突然哭了，武汉加油;
这个才是硬核宣传，羡慕……;
互联网只宣传到了年轻人，这种走街串巷宣传只有小时候有点印象。政府很给力！;
这里说句话，本人河南一个小县城一个村的，就连大年夜12点外面都有宣传车，非常感谢;
一眼过去我还以为婚车再细瞧神鹰救援，太硬核了帅炸！;
河南的村里已经下发通知所有湖北回乡人到县医院体检报道  不报道者3天内政府会专人上门 村里建议大家尽量减少亲戚走动 还有村里在熬大锅药 免费发放（不管有没有用 是一分心意）;
我真的好羡慕好羡慕好羡慕河南啊，唉，陕西根本什么动静都没有，已经确诊5例了，然后也不给群众宣传，还是人家医院贴出那个告示，说医院有确诊了的，让民众小心。;
我们村委喊了一天的注意戴口罩，少去人口密集区域;
羡慕，河南人民应该不太担心了，很靠谱;
路边条幅“带病回乡，千古罪人”，村口劝返，将从疫区偷偷返乡者抓获;
冲鸭！得想个办法偷走河南的省长;
河北沧州人表示，感谢河南，河南从政府到个人一起为晋冀京津筑起一道墙。河南老哥们春节愉快，保重身体。;
河南做的太棒了，为大河南点赞，河南就是中!;
河南的这一届是上海过去的，当年经历处理过03年，所以各方面反映特别快，特别好;
老家河南的，村里有个武汉学生回家，前脚刚进家门，不到十分钟，后面救护车警车就来了，说是一直查着跟过来的;
我本来最烦一些夸大事实、以讹传讹的公众号文章，但是在说服中老年人戴口罩的时候，我发现这些文章真管用;
河南一大爷出门不仅自己戴口罩，而且给狗狗也带上口罩一村口拉着横幅：带病回村，不肖子孙河南人整治吃野味的，直接挂标语：吃野味，从初七到头七路上遇到挖掘机，一问发现是要把湖北河南交界的路挖断，又见物理防御结婚新人从武汉回河南，被家人直接隔离，亲朋好友高高兴兴参加了一场没有新人的婚礼 够硬核;
我河南三门峡的，现在进一次单位都要测两遍体温，在单位设了两道岗，并且登记体温值;
听说还把河北河南交接处的路挖断了真的硬核;
不得不说河南措施做得很好，11 12月就开始大学全方位消毒，当时还在抱怨隔三差五就要消毒，还把人赶出寝室半小时不准进来，现在想想领导做的挺好，消毒原因也没细说，也怕引起恐慌，点赞;
作为一个河南小村里的人，小区四个门已经锁了三个，十分硬核的不建议你出去玩，也不让车进来，路上莫得一个人，比周末还冷清;
河南反应的还真是快啊，早在疫情最初阶段就切断了和湖北的活禽往来以及严查出入人员的身体状况，能不能说河南实在太了解湖北的尿性了，什么“有限人传人”“疫情可防可控”，河南表示湖北说的话一个标点符号劳资都不信。;
我们河南一个小乡镇，现在政府下了通知，所以县、市每个医院必须腾出肺炎专用病床，我们县要求每个医院三十张以上空床位。各村广播循环播报今年尽量不串门，不聚会;
不愧是我大河南！中！;
“你要把我关到什么时候！”豪华的私人别墅内，传来一阵阵玻璃摔碎的声音。总裁闲适的坐在沙发上，慢条斯理的点燃一根烟，“不让你出去是为了你好，乖。”暴躁的小娇妻闻言，咬着牙恨恨出声：“你到底要把我囚禁到什么时候？我恨你！”总裁微微眯了眯眼，起身压近她，抬起他的下巴，用手指拭去她的眼泪，低语道：“让你出去，可以，但是你要答应我一个条件。”小娇妻眨了眨泛着泪花的水眸。怯怯道：“要我怎么做？”总裁邪魅一笑，吐了一口烟圈：“出门戴口罩勤洗手咳嗽打喷嚏捂鼻口蛋类肉食类煮熟透人多热闹处不瞎凑避免感染者相抱搂野味海鲜不乱入口家禽野兽勿近接触口水痰液不随便吐注意多运动多通风防寒保暖不要放松健康饮食合理作息远可无忧近可无疾谣言不轻传不轻信关注报道实时跟进报道应以官方为准对应防御安排出行若有症状莫要心惊及时就医以便查明如有感染莫要逃避配合治疗共同助力传染病关乎所有人勿要嘲笑勿要侥幸共御危难心心相连齐心协力共度难关”。;
河南是人口大省，外出务工大省，人口密集聚集区。一旦意识到这里，再多的措施都是必要的。;
坐标商丘永城，没有病例，大街上一半人都带上了口罩，有个村有一个疑似病例马上转移到郑州了。现在那个村已经停止外出了，真的很重视，可说我爹今天回老家拜年还是没有带口罩，劝也不听，难受哦;
全国人民都在想怎么偷走河南省长;
我这边村里都设了门岗，防止走亲戚;
嘻嘻，我们县的！！晚上小区还有人挨家挨户问有没有武汉回来的;
我们村大喇叭喊得我头都炸了，哪敢去串门;
带病回村，不肖子孙;
这个是神鹰大队！民间自发组织的机构！是我们县的！;
东莞这边已经取消所有活动，也启动监测，凡是感冒那些都要去做检查。电影院、图书馆等等场所全部关闭。还连发6条信息叫我们别往人多的地方凑热闹，也别前往疫情严重的地方，外出戴好口罩。跟当年防治非典一样做法……过年我就宅家里，又不会打麻将……又要闲到长蘑菇;
祝大家双肺纹理走形、分布正常，肺内未见实质性病灶，肺门不大，纵膈居中，心影不大，膈面光整肋膈角锐利。血尿常规正常，CRP正常，核酸检测阴性，鼠年新春快乐;
河南洛阳这边的，景区什么的都封了，初一烧香也不让去了，过年那天，家家户户都发了宣传书，大半夜宣传车还在播。河南中;
朋友们，大喜讯<顶上去，官方发表，首个新冠病毒检测试剂盒通过检验啦！！！试剂盒由上海公司研发，即日起将发往各地医院，武汉不怕，我们都在！！！不信的话，可以在某音上搜一下人民日报！;
这都赶上切尔诺贝利式的宣传了  河南领导就该升职;
这里坐标河南郑州，我很惊讶别的省需要劝家长，因为我是被劝的，一出门就被我妈就逼我N95和医外口罩都带上，衣服里三层外三层，一个大帽子扣在头上，我奶奶看了觉得薄，全家人都在说：特殊时期不能冻着。我现在在想办法劝她们老年人腿疼很正常;
我们河南小县城现在各个村各个镇甚至各个街道都封了。。。。不让外来人员进入     真想进还要登记量体温。。;
这里应该是伊川，因为我看到了“神鹰救援”四个字，听说他们都是一些志愿者，从事一些救援活动，经常到各个学校宣传安全问题，最重要的是他们都是志愿参加工作，没有一个人给他们发工资的，他们不仅仅是在冠性传染病期间才工作，我在这之前就看到许多志愿者在一些交通拥挤的马路上指挥交通，真的很感谢他们，致敬;
河南这次做的真的很棒。河南这个地方因为历史原因吃过血液类传染病的亏（大规模的艾滋爆发），所以在面对重大疫情的时候宣传防御能做到刻不容缓。希望其他城市也能学习河南这种状态，记住曾经非典的教训，大家一同扛过这个难关！;
终于可以安安生生躺床上为祖国做贡献了;
坐标河南某村庄，我平常不怎么出门的80多岁的奶奶都知道让我们戴口罩😷;
河南某十八线小城已下封到村下午出去玩，回去就让拦着了，还好是本村人，认识我才让进去;
本来挺害怕，因为昨天在垃圾桶里看到一张汉口到信阳（河南的一个小城市，我老家）的车票！现在放心！！！中国加油！武汉加油！;
作为人口大省，外出务工大省，河南沦陷基本就是全国沦陷，不得不夸;
顶配营销号，这是营销号 窃取别人劳动成果恬不知耻说是自己辛辛苦苦做出来的 2333 。 还大把人洗，犯罪人士竟成无辜受害者，b站《饭圈》的真实内幕 武汉加油 中国加油 中华人民共和国万岁;
中国加油！武汉加油！希望毕业生都顺利毕业，找到一份好工作，高三学子考上一个好大学，人人都有口罩戴，身体健康，一起坚持下去呀，陪陪父母，该减肥的减肥，该学习的学习，疫情过去大家一起走花路;
己亥末，庚子春。荆楚大疫，染者数万，众惶恐，举国防，皆毕户。道无车舟，万巷空寂。然外狼亦动，垂涎而侯，华夏腹背芒刺。幸龙魂不死，风雨而立。医无私，警无畏，民齐心！政者，医者，兵者，抗鼎逆行勇战矣！商客，名家，百姓，仁义者，邻邦献物捐资。叹山川异域，风月同天，岂曰无衣，与子同裳！能者竭力，万民同心。月余，疫除，终胜！此后百年，风调雨顺，国泰民安。;
古有《清明上河图》，今有《春节抗疫图》;
中国人果然是最可爱的人！;
这个民族有14亿个英雄……下辈子我还要当中国人;
西方应该害怕了。谁也不会想到中国有这么强大的执行力和凝聚力;
"中国人不相信救世主，只信人定胜天。大家团结一心，任何敌人都打不倒我们！<img alt=""[奋斗]"" class=""small"" src=""//i0.hdslb.com/bfs/emote/bb2060c15dba7d3fd731c35079d1617f1afe3376.png@100w_100h.webp""/><img alt=""[奋斗]"" class=""small"" src=""//i0.hdslb.com/bfs/emote/bb2060c15dba7d3fd731c35079d1617f1afe3376.png@100w_100h.webp""/><img alt=""[奋斗]"" class=""small"" src=""//i0.hdslb.com/bfs/emote/bb2060c15dba7d3fd731c35079d1617f1afe3376.png@100w_100h.webp""/>";
春风杨柳万千条，六亿神州尽舜尧。红雨随心翻作浪，青山着意化为桥。天连五岭银锄落，地动三河铁臂摇。借问瘟君欲何往，纸船明烛照天烧。;
天地有正气，杂然赋流形。下则为河岳，上则为日星。於人曰浩然，沛乎塞苍冥。皇路当清夷，含和吐明庭。时穷节乃见，一一垂丹青。;
"中国人民万岁<img alt=""[福到了]"" class=""small"" src=""//i0.hdslb.com/bfs/emote/5de5373d354c373cf1617b6b836f3a8d53c5a655.png@100w_100h.webp""/>";
没有所谓垮掉的一代，每一代都有勇敢向前的人;
"能被写入历史教科书的一年<img alt=""[鸡腿]"" class=""small"" src=""//i0.hdslb.com/bfs/emote/c7860392815d345fa69c4f00ef18d67dccfbd574.png@100w_100h.webp""/>";
本以为封城有点防御过度，现在上帝视角来看干的真好！;
我们一定也终将取得这场战役的胜利。;
中国：什么叫超级大国啊（战术后仰）;
炎黄儿女不能忘记，尊严和荣耀从何而来。近百年前，是怎样浴血站起来的！近百年中，又是怎样坎坷走过来的！以后万年，更应昂首阔步铁骨铮铮！;
"我终于知道为什么我玩游戏总是抽不到ssr了，原来欧气全用来投胎到中国了<img alt=""[点赞]"" class=""small"" src=""//i0.hdslb.com/bfs/emote/1a67265993913f4c35d15a6028a30724e83e7d35.png@100w_100h.webp""/>";
我可以骄傲滴说，大白菜是东北捐赠的😂😂，东北派往湖北几千人，这次抗击疫情的行动中，东北三省没给国家丢脸。;
此生无悔入华夏！来世还生种花家！！;
满城风吹暗，千里雨浸寒。祸起口舌欲，灾源鸟兽残。邪气侵肺腑，流言折人心。正色斥顽愚，凝神鉴视听。沙场无硝烟，患难有真情。义士请缨去，仁者负重行。白衣胜银甲，热血筑坚城。杏林春意暖，花枝傲雪纷。大医精诚至，妙手伏絜钩。浩气撼长空，华光冲星斗。且待劫波尽，来从楚天游。长歌伴江流，芳华满神州。;
"浙江绍兴  正月初一凌晨三点左右一声惊雷  老人们说这年岁从来没遇见过   那天我似乎预感到了什么<img alt=""[加油武汉]"" class=""small"" src=""//i0.hdslb.com/bfs/emote/eb966aaa5b690d3f9308a9f936f5b5a72a7f956b.png@100w_100h.webp""/>";
"什么是社会主义制度的优越性啊<img alt=""[妙啊]"" class=""small"" src=""//i0.hdslb.com/bfs/emote/b4cb77159d58614a9b787b91b1cd22a81f383535.png@100w_100h.webp""/>战术后仰";
03年我们经历了非典，19年新冠袭卷世界。灾难让世界认识到什么是中国速度，大国情怀，面对疫情我们不应仅仅认识到灾难是多么可怕，更应该为祖国的强大，人民的团结自豪。最后为我们祖国的伟大复兴加油！！！中国抗疫图鉴;
没有哪一个春天不会到来，没有哪一个冬天不会结束！中国抗疫图鉴;
我爱你，中国🇨🇳中国抗疫图鉴;
如果有人问我：你来自哪里？那我一定会说：我来自中国！一个屹立在世界上有过记载五千年多的文明古国；一个经历过金戈铁马风起云涌的古老大国（我的文笔写就这样了，大佬们请继续）中国抗疫图鉴;
我们华夏能延续几千年不是没有道理的，心留的是炎黄子孙的血，中国抗疫图鉴;
"新疆小警察一枚  疫情期间  面对空空荡荡的大街  整整四十多天  后来解封的时候  我跟我的小伙伴们吼的天都塌下来了   解封的第一天 我在街上执勤的时候  看着人来人往的大街   在心里默默说了一声  真好<img alt=""[惊喜]"" class=""small"" src=""//i0.hdslb.com/bfs/emote/0afecaf3a3499479af946f29749e1a6c285b6f65.png@100w_100h.webp""/><img alt=""[惊喜]"" class=""small"" src=""//i0.hdslb.com/bfs/emote/0afecaf3a3499479af946f29749e1a6c285b6f65.png@100w_100h.webp""/><img alt=""[惊喜]"" class=""small"" src=""//i0.hdslb.com/bfs/emote/0afecaf3a3499479af946f29749e1a6c285b6f65.png@100w_100h.webp""/><img alt=""[惊喜]"" class=""small"" src=""//i0.hdslb.com/bfs/emote/0afecaf3a3499479af946f29749e1a6c285b6f65.png@100w_100h.webp""/><img alt=""[惊喜]"" class=""small"" src=""//i0.hdslb.com/bfs/emote/0afecaf3a3499479af946f29749e1a6c285b6f65.png@100w_100h.webp""/><img alt=""[惊喜]"" class=""small"" src=""//i0.hdslb.com/bfs/emote/0afecaf3a3499479af946f29749e1a6c285b6f65.png@100w_100h.webp""/>中国抗疫图鉴";
中国人永远都是这样，虽然疫情刚开始我们会抱怨会责骂武汉，湖北～可是骂归骂，闹归闹，关键时刻，我们从来没放弃他们，而他们也从来没有怨天尤人，也没有动摇自己对于这场灾难的信心，湖北加油，武汉加油，中国加油！五千年华夏文明从来不是四平八稳过来的，中国人有自己独有的承受力，历来我们都是坚守一个忍字直到我们立于世界之巅，这次疫情我们向全世界展现了一个最真实的中国，东方雄狮正在慢慢睁眼，俯瞰世界中国抗疫图鉴;
我玩游戏从来抽不到六星，现在才知道，原来我这一辈子的运气都用在了出生在中国中国抗疫图鉴;
"人心齐，泰山移！我爱你！中国！<img alt=""[爱心]"" class=""small"" src=""//i0.hdslb.com/bfs/emote/ed04066ea7124106d17ffcaf75600700e5442f5c.png@100w_100h.webp""/>🇨🇳🇨🇳🇨🇳！<img alt=""[锦鲤]""中国抗疫图鉴 class=""small"" src=""//i0.hdslb.com/bfs/emote/643d6c19c8164ffd89e3e9cdf093cf5d773d979c.png@100w_100h.webp""/><img alt=""[锦鲤]"" class=""small"" src=""//i0.hdslb.com/bfs/emote/643d6c19c8164ffd89e3e9cdf093cf5d773d979c.png@100w_100h.webp""/><img alt=""[锦鲤]"" class=""small"" src=""//i0.hdslb.com/bfs/emote/643d6c19c8164ffd89e3e9cdf093cf5d773d979c.png@100w_100h.webp""/>";
非常棒，真的想给全世界的人民都看一下，不是说全国，是全世界的人都看一下中国为什么能在这次疫情之中作业满分？就是这个理由。此生无悔入华夏，来世还做中国人。中国抗疫图鉴;
眼睛里进哔站了，致敬。愿疫情早日完结，愿祖国富强。中国抗疫图鉴;
此刻只能呐喊一声：中华人民共和国     万岁！！！中国抗疫图鉴;
礼赞中华人民共和国！贺赞中华人民！中国抗疫图鉴;
胜利属于我们中国抗疫图鉴;
"我是一名基层公务员，我们年初一就开始下沉社区防控，每天16小时。只要我们团结起来，就没有迈不过去的坎，再大的困难，也难不倒英雄的中国人民！！！<img alt=""[打call]"" class=""small""中国抗疫图鉴 src=""//i0.hdslb.com/bfs/emote/431432c43da3ee5aab5b0e4f8931953e649e9975.png@100w_100h.webp""/><img alt=""[打call]"" class=""small"" src=""//i0.hdslb.com/bfs/emote/431432c43da3ee5aab5b0e4f8931953e649e9975.png@100w_100h.webp""/><img alt=""[打call]"" class=""small"" src=""//i0.hdslb.com/bfs/emote/431432c43da3ee5aab5b0e4f8931953e649e9975.png@100w_100h.webp""/>";
伟大的无产阶级万岁！伟大的人民万岁！中国抗疫图鉴;
真的是发自肺腑 此生无悔入华夏 来世还做中国人！中国抗疫图鉴;
12月17日了，与疫情的战斗还未结束，但是我相信我们一定能获得最后的胜利！中国抗疫图鉴;
10月1号再来重温，山河无恙！真好！中国抗疫图鉴;
这次疫情显示出中国政体无与伦比的优越性和先进性，那些整天谈人权谈自由谈民主的狗屁国家来说，咱们这次疫情的表现，无疑碾压它们。中国抗疫图鉴;
"石家庄加油！<img alt=""[打call]"" class=""small"" src=""//i0.hdslb.com/bfs/emote/431432c43da3ee5aab5b0e4f8931953e649e9975.png@100w_100h.webp""/>中国抗疫图鉴";
想起二月份某天晚上跟妈妈去超市买必需品，大街上黑黢黢一个人都没有，转眼间就到了9月，街上车水马龙中国抗疫图鉴;
下辈子你还想当中国人吗？这事啊，我上辈子就想过啦！中国抗疫图鉴;
全世界人口76亿，中国13亿所以说下辈子还是中国人的概率还是很大的如果不是，我只能想建国兄学习了中国抗疫图鉴;
中国是一个伪装成国家的文明，现在，病毒，向文明低头，中国抗疫图鉴;
国内口罩没能大幅度涨价我感觉最终要的原因不是口罩够用了，而是政府强制干预制止了发国难财的的行为;
此生不悔入华夏，来世还在种花家！不想离开，当你的笑容绽开，这世界突然填满色彩。;
"我们的大中国啊。<img alt=""[爱心]"" class=""small"" src=""//i0.hdslb.com/bfs/emote/ed04066ea7124106d17ffcaf75600700e5442f5c.png@100w_100h.webp""/><img alt=""[爱心]"" class=""small"" src=""//i0.hdslb.com/bfs/emote/ed04066ea7124106d17ffcaf75600700e5442f5c.png@100w_100h.webp""/><img alt=""[爱心]"" class=""small"" src=""//i0.hdslb.com/bfs/emote/ed04066ea7124106d17ffcaf75600700e5442f5c.png@100w_100h.webp""/>";
"“不能击垮我的终将是我更加强大”加油<img alt=""[奋斗]"" class=""small"" src=""//i0.hdslb.com/bfs/emote/bb2060c15dba7d3fd731c35079d1617f1afe3376.png@100w_100h.webp""/>";
"好好爱这个世界呀奋斗在前线的人 想抱抱你们没有什么岁月静好 我们现在可以如此安全是有人在负重前行呀武汉加油！中国加油！共度难关<img alt=""[打call]"" class=""small"" src=""//i0.hdslb.com/bfs/emote/431432c43da3ee5aab5b0e4f8931953e649e9975.png@100w_100h.webp""/><img alt=""[奋斗]"" class=""small"" src=""//i0.hdslb.com/bfs/emote/bb2060c15dba7d3fd731c35079d1617f1afe3376.png@100w_100h.webp""/>";
听到武汉解封就突然泪崩了;
此生无悔入华夏，来世还在种花家！;
这可以呀餐饮业要续命没办法武汉加油;
一家11人感染，三个重症，全部救回;
泪流满面！纵然有方方及其支持者卖国求荣，更多的人民撑起了我们这个伟大的国家、伟大的民族。;
咳 但凡有点良知的都会感动的 我们中国人真的太棒了;
这次疫情中国有两大收获，第一点：中国人民更加坚信自己政府和政策是优越的，而且中国自豪的从来我们是大国转变为我们是优越制度的国家，我们的政府至少把我们当一条条鲜活的生命。第二点增加了中国对世界的影响力，告诉了世界共产党和制度的不同并不能阻碍人类命运共同体;
"我记得，前些年，外国一个政客说中国是一个没有信仰的国家，一个没有信仰的国家是很悲哀的，说什么美国有教堂什么的，吧啦吧啦的说了一堆！现在呢？他们的信仰呢？他们信仰神在哪里？他们的信仰为什么不救那些患病的人？可笑，可悲，可怜！中国的信仰就是团结，中国的信仰就是生命高于一切，那些污蔑我们的让他们继续沉浸在无知与偏见中吧，我觉得这次疫情已经很好的解释了一切！中国，真的很棒<img alt=""[星星眼]"" class=""small"" src=""//i0.hdslb.com/bfs/emote/63c9d1a31c0da745b61cdb35e0ecb28635675db2.png@100w_100h.webp""/>";
"这次疫情最感人的是1.突然全中国都更爱国了，以前还有很多人喜欢质疑我们制度对不对，现在大家都知道了。2.政府愿意为健康危机牺牲经济，且实行免费治疗，再一次向我们证明人民是第一位。3.在困难出现时，前线的中国人永远原因出来为集体付出，大部分人没有私心，不会想是否值得。4.接受帮助的人民拥有感恩的心，滴水之恩涌泉相报，前线英雄心里才不后悔。5.政府在执行控制疫情过程中，不停根据各方专家意见，及人民反应抱怨赞赏支持等各种声音去修改政策，使得大家都能团结配合，并且奖罚分明，促进了地方政府办事能力。6.作为一名中国人，我深深地爱上了你们了，很高兴能跟大家成为同胞，希望下辈子下下辈子下下下辈子……我仍跟大家成为亲友，爱你们！<img alt=""[爱心]"" class=""small"" src=""//i0.hdslb.com/bfs/emote/ed04066ea7124106d17ffcaf75600700e5442f5c.png@100w_100h.webp""/><img alt=""[爱心]"" class=""small"" src=""//i0.hdslb.com/bfs/emote/ed04066ea7124106d17ffcaf75600700e5442f5c.png@100w_100h.webp""/><img alt=""[爱心]"" class=""small"" src=""//i0.hdslb.com/bfs/emote/ed04066ea7124106d17ffcaf75600700e5442f5c.png@100w_100h.webp""/>";
"虽然我不是中国人，但看了视频，我很感动。。虽然我国籍不是中国，但很庆幸我会华语，也会中华文化来了解中国<img alt=""[大哭]"" class=""small"" src=""//i0.hdslb.com/bfs/emote/2caafee2e5db4db72104650d87810cc2c123fc86.png@100w_100h.webp""/><img alt=""[大哭]"" class=""small"" src=""//i0.hdslb.com/bfs/emote/2caafee2e5db4db72104650d87810cc2c123fc86.png@100w_100h.webp""/><img alt=""[大哭]"" class=""small"" src=""//i0.hdslb.com/bfs/emote/2caafee2e5db4db72104650d87810cc2c123fc86.png@100w_100h.webp""/>";
借用视频里的评论:湖北人民禁足为全国抗疫赢得了时间。英雄的湖北人民！现在又隆重送别最可爱的逆行人。重情重义。所以，也谢谢武汉人民、湖北人民！爱你们！❤;
每个省援助一个市简直是神决策;
此生不悔入华夏，来世还做中国人;
"一次次危难面前，十几亿人握成一个拳头！试问谁能吃我一拳！<img alt=""[鼓掌]"" class=""small"" src=""//i0.hdslb.com/bfs/emote/895d1fc616b4b6c830cf96012880818c0e1de00d.png@100w_100h.webp""/><img alt=""[鼓掌]"" class=""small"" src=""//i0.hdslb.com/bfs/emote/895d1fc616b4b6c830cf96012880818c0e1de00d.png@100w_100h.webp""/><img alt=""[鼓掌]"" class=""small"" src=""//i0.hdslb.com/bfs/emote/895d1fc616b4b6c830cf96012880818c0e1de00d.png@100w_100h.webp""/>";
"都是人，怎么中国人那么优秀！！为自己身为中国人一辈子骄傲着，为这个身份骄傲着，大爱中国，为祖国繁荣昌盛而努力奋斗！！<img alt=""[加油武汉]"" class=""small"" src=""//i0.hdslb.com/bfs/emote/eb966aaa5b690d3f9308a9f936f5b5a72a7f956b.png@100w_100h.webp""/><img alt=""[加油武汉]"" class=""small"" src=""//i0.hdslb.com/bfs/emote/eb966aaa5b690d3f9308a9f936f5b5a72a7f956b.png@100w_100h.webp""/><img alt=""[加油武汉]"" class=""small"" src=""//i0.hdslb.com/bfs/emote/eb966aaa5b690d3f9308a9f936f5b5a72a7f956b.png@100w_100h.webp""/>";
2019的中国：我们人类应该像《流浪地球》这样，团结一心，饱和救援。2020的中国：劳资说到做到！;
如果没有那些个别的老鼠屎，我中国就是圣地了;
"中国牛逼了，为他们点赞，我是真的没有这勇气，除了佩服，还有敬畏，感谢你们，一大早就让人落泪，真是的<img alt=""[委屈]"" class=""small"" src=""//i0.hdslb.com/bfs/emote/d2f26cbdd6c96960320af03f5514c5b524990840.png@100w_100h.webp""/>";
超感动的。;
我们华夏民族，什么风浪没见过。我们华夏民族，与其说是个民族不如说是一种文明，一种刻到骨子里的信仰。;
这就是中国🇨🇳一方有难八支援;
国家强大，说话就是硬气。;
如果其他国家想抄中国作业，那么你需要以下几点：1.中国果断的态度2.中国严厉的措施3.14亿人民强大的凝聚力4.中国优秀的领导人5.中国的经济基础6.14亿人民强大的自制力7.中国医护人员的贡献8.中国速度9.中国努力的科研人员加油吧;
"此生无悔入华夏，来世愿在种花家。🇨🇳一场疫情，让我们明白，我们的祖国，真的真的超级伟大。武汉加油<img alt=""[加油武汉]"" class=""small"" src=""//i0.hdslb.com/bfs/emote/eb966aaa5b690d3f9308a9f936f5b5a72a7f956b.png@100w_100h.webp""/>中国加油    世界加油。";
"好笑的是，我在国内最紧张的时候都没有抢货囤货，只买了比平时多一点点。到了国外，抢都抢不到<img alt=""[笑]"" class=""small"" src=""//i0.hdslb.com/bfs/emote/81edf17314cea3b48674312b4364df44d5c01f17.png@100w_100h.webp""/><img alt=""[笑]"" class=""small"" src=""//i0.hdslb.com/bfs/emote/81edf17314cea3b48674312b4364df44d5c01f17.png@100w_100h.webp""/>";
啥都不要说，中国牛逼。;
无论我身在何地，我都能自豪的说出：“我是中国人！”🇨🇳🇨🇳🇨🇳;
沉睡的狮子该醒了 全球疫情下各国迷惑抗疫行为，中国在顺势崛起！;
为何中国是四大文明古国里面唯一一个留存至今的，也许这就是原因。;
我记得温总理有句话，多难兴邦！;
"任何困难都难不倒英雄的中国人民<img alt=""[爱心]"" class=""small"" src=""//i0.hdslb.com/bfs/emote/ed04066ea7124106d17ffcaf75600700e5442f5c.png@100w_100h.webp""/>";
我的祖国总是让我热泪盈眶;
我为我是一个中国人而永远感到骄傲自豪，我爱你中国！;
起来，不愿意做奴隶的中国人！！！！;
"中国正在崛起，没有任何人任何力量可以阻挡<img alt=""[热词系列_三连]"" src=""//i0.hdslb.com/bfs/emote/21f15fe11b7a84d2f2121c16dec50a4e4556f865.png@100w_100h.webp""/>";
山河无恙，举国同心；疫情已过，举国同进。;
第一个！武汉最美;
伟大的无产阶级万岁！;
钟老眼神中的自信 , 镇定的神态让我们让世界都感到可靠！每次看着钟老说话发布演讲，由衷的感到一种安心。  生在中华的自豪，生在有底蕴的大国，我认为是一种莫大的幸福。;
"为什么我们国家可以处理的这么好？中国现在发展得这么好不是没有原因的。政府一声令下，几乎所有人都待在家，各个地区严格管控，志愿者更是一批又一批，他们宁愿倒在志愿者岗位上也要守卫国家。人民相信国家，人们给白衣天使们鼓劲，国家就是人民，人民就是国家，谁都不会跟自己过不去吧？然而这在其他国家是很难很难做到的。这样的祖国怎能让人不爱<img alt=""[加油武汉]"" class=""small"" src=""//i0.hdslb.com/bfs/emote/eb966aaa5b690d3f9308a9f936f5b5a72a7f956b.png@100w_100h.webp""/>";
"是时候向世界贡献我们的中国方案了<img alt=""[鼓掌]"" class=""small"" src=""//i0.hdslb.com/bfs/emote/895d1fc616b4b6c830cf96012880818c0e1de00d.png@100w_100h.webp""/>";
"大国担当<img alt=""[口罩]"" class=""small"" src=""//i0.hdslb.com/bfs/emote/3ad2f66b151496d2a5fb0a8ea75f32265d778dd3.png@100w_100h.webp""/><img alt=""[口罩]"" class=""small"" src=""//i0.hdslb.com/bfs/emote/3ad2f66b151496d2a5fb0a8ea75f32265d778dd3.png@100w_100h.webp""/><img alt=""[支持]"" class=""small"" src=""//i0.hdslb.com/bfs/emote/3c210366a5585706c09d4c686a9d942b39feeb50.png@100w_100h.webp""/>";
中国预防疫情的经验，给予世界很好的示范！;
第一次这么早，当然中国必胜;
这次疫情使全世界都在关注武汉，全国人民也紧紧地心系武汉，我从来没有去过武汉，以前也不怎么关注武汉，但现在对武汉有着很深的感情，希望哪天去武汉看看。现在武汉的知名度可能是全世界最高的城市之一了，这也算是因祸得福吧，相信从明年开始，如果疫情结束，武汉将腾飞，前途不可限量。;
中国疫情遇上春节也是运气好，本来就回家过年，正好都各自待一下，也就隔离了。;
"做不到的，1 月 23 日 13 时 06 分，一封加急求助函送到了中国中元国际工程有限公司，函件出自武汉市城乡建设局，内容概括就是三个字：求图纸。仅仅过了 78 分钟，就将修订完成的小汤山医院图纸送到了武汉市城乡建设局。另一边，中信建筑设计研究总院接到了武汉火神山医院的紧急设计任务，便迅速组建起 60 余人的项目组。仅仅过了五个小时，就完成了场地平整设计图，24 小时就完成了方案设计图，60 小时便交付了全部施工图。重要的是这些图纸，中信设计研究总院无偿提供！1 月 23 日图纸还在设计之时，为了能够更快的竣工，火神山医院这边已经开始做起了前期准备。武汉市城建局 1 月 23 日成立了建设指挥部，协调组织施工单位迅速行动，人力和设备连夜进场，只争朝夕。在武汉的各个单位自愿请求为火神山医院的建设出战，并且立刻调配资源，连夜进行基础施工。经过一天一夜上千人，上百套机械设备的连续奋战，截至 1 月 24 日晚上，火神山医院选址处累计平整整个场地 5 万平方米，相当于七个足球场那么大。内转土方 15 万立方米，足以填满 57 个游泳池，一座小土山已被连夜铲平，碎石回填于除夕夜完成。想要在短时间兴建一座大医院，除了人力资源和设备资源之外，所需要的物资可想而知。物资需求量非常巨大：箱式板房需求量达 1600 间，各类门多达 1500 樘，混凝土需求达 1.4 万方，HDPE 膜需求量达 10 万平方米。春节时期，很多公司，工厂已经放假，物资买不到，物资买不够成为了一大难题。火神山医院采用的装配式建筑技术所需要的箱式房，一部分是全新的，一部分是中建三局拆了 5 个在汉项目工地的全部临建房，消毒后运过来。一家企业物资不够，多家企业来凑，甚至还用多个企业的多种型号来拼单，另外，也有很多企业给火神山医院建设，捐助了很多的物资。如果说箱式板房组成了火神山的 "" 躯体 ""，那么要让这个 "" 躯体 "" 活起来，还有赖于看不见的信息化系统。不过，传统的信息化系统显然是没有办法在 10 天之内建设完成，这时候，5G、云计算等先进的技术派上了用场。为此，中国电信为火神山医院提供方案规划、通信设施建设维护、重大保障、应急通信等一揽子服务。终于在 2 月 1 日火神山医院正式交付前全面完成医院固话、光纤、4G 和 5G 网络覆盖";
一家11人感染，三个重症，全部救回;
每个省援助一个市简直是神决策;
我的老家是广东唯一一个0感染的城市，五线小县城也派医护去援鄂了;
我们华夏民族，什么风浪没见过。我们华夏民族，与其说是个民族不如说是一种文明，一种刻到骨子里的信仰。;
"不带中国口罩带什么？纸尿裤吗？<img alt=""[妙啊]"" class=""small"" src=""//i0.hdslb.com/bfs/emote/b4cb77159d58614a9b787b91b1cd22a81f383535.png@100w_100h.webp""/>";
想想看有多少人嘴里说不要中国制造，结果回过头来连底裤都是made in china;
有本事不用中国制造，能不能活都是问题;
有本事你千万不用，用了我们举国上下瞧不起你;
"没了中国制造你们这些个沙雕能活得下去吗<img alt=""[翻白眼]"" class=""small"" src=""//i0.hdslb.com/bfs/emote/eba54707c7168925b18f6f8b1f48d532fe08c2b1.png@100w_100h.webp""/>";
科学不会到达的地方，文明会！;
美国学者：我不用中国制造……嘿！我的衣服，天哪！我的房子，oh no！给我留条内裤，求你了…;
"日本的一个节目就有，除去中国制造，最后只剩一条内裤<img alt=""[偷笑]"" class=""small"" src=""//i0.hdslb.com/bfs/emote/6c49d226e76c42cd8002abc47b3112bc5a92f66a.png@100w_100h.webp""/>采访街上那些阿婆啊妹也说打死不用中国制造，记者让他们看商标，make in china<img alt=""[偷笑]"" class=""small"" src=""//i0.hdslb.com/bfs/emote/6c49d226e76c42cd8002abc47b3112bc5a92f66a.png@100w_100h.webp""/>脸真疼";
中国制造他不香？骂完以后用上了是不是，艾玛，真香定律。肯定是。;
把家里房子拆了吧，顺便把衣服都脱了，手机电脑什么的全砸了，基本全是中国制造;
"北京上海机场一定要做好预防<img alt=""[难过]"" class=""small"" src=""//i0.hdslb.com/bfs/emote/a651db36701610aa70a781fa98c07c9789b11543.png@100w_100h.webp""/>今天下午郑州有确诊一例输入病例";
中国在本国疫情结束之后的产能有出路了，全世界都急需医疗物资;
突然想到前段时候和昨晚发生的事…前段时候我因为外婆去世，同父亲一起去往外婆那里，走到小区门口看到停在路边的很多私家车都被贴了单子。第一反应是罚单…我爸张嘴就说政府没钱了么，现在什么时候还要靠这个赚钱…我我好奇走过去看了下，发现并不是罚单是一则提醒，提醒此处不该停车…疫情期间特出情况下不罚款。请车主回来尽快驶离，盖着交警大队的公章而已…这让我看到了人性化的一面。昨晚开车回家突然前面开始堵了…走近点发现查酒驾…以前什么样呢，走到跟前敬个礼敲窗户然后一句冷冰冰的“吹一下，好走吧”。昨晚是这样的到了我之后敬礼先问了我一句…没喝酒吧，我说没（并没吹气）警察说那就好，接着说“现在这个时候还不能放松阿，要戴好口罩阿，注意安全，慢点开车”说着指挥我驶离（因为我在车上忘记戴口罩，在快到警察面前戴上的）我竟然感觉到以前电视里经常提到的人性化，幸福感…就在我面前，感觉到这个城市的温度。感觉到在中国的我很好！;
从经济上来说，个人感觉这次疫情过后资本流向可能会转向中国，中国国际地位会直线上升。这是一次大考，我们已经做出选择，只差一份喜报了。;
"总结：社会主义好<img alt=""[微笑]"" class=""small"" src=""//i0.hdslb.com/bfs/emote/685612eadc33f6bc233776c6241813385844f182.png@100w_100h.webp""/>";
我是湖北人，我来说一下什么是封城，我五十多天没出过家门，上个星期才刚放出来，现在还是只能在市里活动，无法离开市区。;
"1. 隔离设施：封城（大范围无差别隔离）--&gt;方舱（小范围隔离确诊轻症病例）--&gt;火神山等医院（支持性治疗重症）2. 检测疑似病例：1) 出入限制+出入口体温时时检测， 2)14天家中或指定场所自我隔离3. 确诊方式：发热门诊隔开疑似病例和其他病人，免费检测治疗，快速确诊。4. 运输方式：专车接送，防止传染5. 预防手段：佩戴口罩+定时消毒6. 小区限行：住户出入门卡+禁止外人进入";
3分30秒中说我国平均花费一百万才能把一个人从鬼门关里拉出来，不知道这里指的是不是重症，如果不是的话那数据有误。已经有数据出来了，我国截止至3.15的数据，人均治疗费用为1.7万元。;
在2月25日广州市政府举行的新闻发布会上，广州市第八人民医院感染病中心ICU主任李粤平称，医院在出院随访中发现复阳病人13人，这些患者没有出现症状再次加重的情况。104个密切接触者接受了核酸检测，结果均为阴性。其他省份也出现了类似情况。海南省卫健委发布消息称，个别患者出院后定期复查，核酸检测呈阳性。海南卫健委建议所有出院病人均集中隔离观察14天，并在隔离期满时进行咽拭子和粪便检测。两项检测均为阴性时，出院病人才能解除隔离。在出院满四周时，相关人员还应再次接受复诊复查。（来自某新闻通稿）;
"并不是鼠年有毒，只是鼠是老大，它想把所有的灾难都扛在自己肩上，确保接下来的11年风调雨顺，国泰民安<img alt=""[老鼠]"" class=""small"" src=""//i0.hdslb.com/bfs/emote/8e6fb491eb1bb0d5862e7ec8ccf9a3da12b6c155.png@100w_100h.webp""/>";
我就在北京，真没你们想的那么严重，我们小区离新发地也就是疫情区十公里左右吧，小区周围也没听说有感染什么的。;
想找在北京找个托，朝阳区人民那愛国战斗力就是代表。;
别世界惊叹了行不行？我在国外，评论基本上是中国更应该为世界所有人默哀中国要为全世界谢罪！醒醒吧，危难时刻没人会记得你的好！谁都想咬你一口！我们只需要自己做好就行了，干嘛还需要得到外国的承认？中国面临的舆论压力前所未有，接下来的路还会更加曲折，放弃幻想，打铁还需自身硬！;
听到外国人夸中国，不要自满，更不能满足现状。要时刻记得，我们还不够富裕，不够强大，不够先进，在科学和技术方面，我们距离美国，德国，日本等还有差距，要切忌骄傲自满。等我们补齐了所有的短板，才能拍着胸脯说：成了，可以骄傲一下了！;
"想起了白岩松老师的讲话：""希望很多人不要膨胀，我们之所以会有经验是因为我们仗打得比较早，打得比较大，我们也付出了相当多的代价。能对自己国家精准定位，绝不膨胀，也学习别人的优点知道自己的不足，这是真正的爱国。""";
此次疫情中国社会最大的损失是什么？第一，经济损失和生命损失；第二，加剧了对英美西方的轻视之意。前一种代表着过去的不幸，后一种代表着未来的风险。 说起来，后一种风险更加可怖 ;
"这次疫情也给中国敲响了警钟，坚持以公有制为主体的医疗制度，才是人民生命的坚实保障<img alt=""[打call]"" class=""small"" src=""//i0.hdslb.com/bfs/emote/431432c43da3ee5aab5b0e4f8931953e649e9975.png@100w_100h.webp""/>";
虽然说这样子很好，但是还是希望给我们的白衣天使们涨工资。提福利，特别是医闹方面的。他们觉得自己不要钱，不代表我们就不可以给他们更好的福利。;
"虽然在这么一次赞扬中国成果，剖析美国问题的正能量视频里说这些可能不太好。但是我还是要说，请警惕！没有什么是可以真正多快好省的，这4%gdp的超低医疗投入下牺牲的是医疗从业者，如果抛去那些光鲜靓丽的头部专家大牛，看一个普通医疗人员的职业生涯，简直可以用艰辛困苦来形容，大家都看得起病挂的起号的基础上并没有经济投入来吸引更多医疗人员的加入，只会加重医疗工作的负担，那些看似很敬业很感人的楼道睡觉，吃不上饭，连续作业的故事，赤裸裸的控诉着行业内高强度透支的现实，而在这样的现状下，能分给每个病人的精力又有多少，又能拿出多少时间为他们提供细致的咨询和关怀呢，这残酷的现状与病人缺乏医疗认知的过高期待之间的矛盾，又进一步激化出医患关系问题，医闹伤医事件频发，反过来毒化医疗环境，倒逼医生转化，加剧医患比例失衡，恶性循环。还有太多太多背后的苦楚实在不指望非业内认识能够理解，就简单一句话家里人的关心：你那么好的成绩考的上名牌大学医学系，又保研读博的认真读书，如果去干………会不会………请不要神话医疗人员，他们本就秉持着高尚的职业道德与荣誉感在负重前行，请给他们应有的尊重与理解。<img alt=""[拥抱]"" class=""small"" src=""//i0.hdslb.com/bfs/emote/41780a4254750cdaaccb20735730a36044e98ef3.png@100w_100h.webp""/>";
要把尊敬医生、老师、普通工人等等编入中小学教材，提高老师和医生工资的待遇以及准入门槛，在医院建立全面安保体系，更要建立医闹黑名单。这些事情任重道远，但是必须要行动了;
"我就是个医学生，大学实习的时候非但没有实习费，而且还要照常出实习费用，工作了第一个月工资1100，而且还要持续3年（就是国家出的规培政策），你们看到的医保低价是因为吸的我们医生的血，在美国，医生算高收入人群，在中国，医生的平均工资刚刚够社会平均工资，你说我们难不难？？？<img alt=""[热词系列_我太南了]"" src=""//i0.hdslb.com/bfs/emote/a523f3e4c63e4db1232365765d0ec452f83be97e.png@100w_100h.webp""/><img alt=""[热词系列_我太南了]"" src=""//i0.hdslb.com/bfs/emote/a523f3e4c63e4db1232365765d0ec452f83be97e.png@100w_100h.webp""/><img alt=""[热词系列_我太南了]"" src=""//i0.hdslb.com/bfs/emote/a523f3e4c63e4db1232365765d0ec452f83be97e.png@100w_100h.webp""/>";
其实，中国这个医疗保险，是医生，医疗系统和政府在买单。这也是为什么医生现在越来越少。;
钟院士专家号一千有人嫌贵，明星演唱会2000有人有人觉得便宜。;
作为金融行业工作者，看了这个视频丝毫不觉得感动，只觉得难受。大家满屏幕的致敬，为生于斯长于斯而骄傲，这很好。但是没有人想到以后，给医生这么低的待遇，让一个高知识高风险的职业没有与之匹配的高收入，这是不可持续的！这样只会让从业者越来越少，而最近几年的高考医科类招生情况恰恰反映了这一点。如果10年以后，再遇到这样的疫情，还会有足够多医护人员保护我们吗？我很怀疑也很忧虑。我希望大家能够重视自己的健康和生存，而不是当作理所当然。我见过我的同事一边炫耀自己几万的lv包一边想着去看皮肤病能不能免个几十块的挂号费，我就很恶心了，你的身体发肤都比不上一件身外之物有价值？都不值得你花钱？买奢侈品觉得多贵都值得，医生救你命就舍不得花钱？很费解😒;
头一次见到夸中国医疗改革的，门外汉确实是门外汉。中国的医疗现状还可以，靠的全是医护人员的死撑。低廉的劳动力而已。而现在，每年的医学生还有医疗行业的从业人员逐年都在减少。我们未来的医疗行业问题，比美国更大。因为我们没有美国有钱。;
UP主少说了一点我这里补充一下，现在中国这种美好的医疗体系，这种惠及全民（穷人富人都包含的）体系是靠医护人员的付出了，说好听一点叫医护人员的牺牲，说不好听一点就是剥削医护人员。我不是医护人员，我是穷人，我是这种体系的受益者，但是我觉得一个有良知的人，如果知道就应该说出来，在中国，穷人可以有叫救护车的权利，而国外的救护车真的很亏，洛杉矶的救护车每叫一次要交付5000美金。医保保证的大多数人在老年之前的疾病可以治疗，癌症，慢性病等这种富贵病的不想提。你们能够想象吗？在中国，当需要一个从业30年的老教授问诊只需要5万元（这其实并不是一条合法的渠道，但是这是目前而已对患者，医生都好的办法）还不用包含接送、住宿、而在美国，穷人不要想了，那是天文数字。在这种体系下，无论是穷人还是富人都能通过自己的努力获得远超全球的医疗保障。因为和全球绝大多数国家比，中国医生的收入都不算高的（非洲国家哪里的医生收入也不差的），所以，每次看到医闹的人我就很难受，因为他们在破坏我们已经濒临破碎的蛋糕了。当一个医生至少要学习8年，很多甚至要12年，我承认他们的付出和回报不成正比，那为什么我们连荣誉都不能给他们呢？为什么要有那么多医闹的呢？医闹的人真的该死！。他们破坏的是我们穷人生存保障的救命线，特别是现在这种救命线已经摇摇欲坠了。最后，弹幕里面全是中国NB，我更想说的是：中国医护人员NB。;
虽然知道那些仇医伤医的渣滓看不到，但我还是想说:中国的医生拿着远低于欧美医生的薪资（比较购买力），干着远多于欧美医生的活（病人多）。大家都听说医生薪资高？诚然，在所有人中医生的收入算是中等偏上，但要是同等学历横向对比，医生的收入是中等甚至偏下的，而工作量和工作压力属于顶上的那一部分。嫌医院收费贵要赚钱的，公立医院现在被政府完全推向市场，大部分拿不到一分钱的财政拨款。大到买设备，修病房；小到设备维护，人员工资，水电，不赚钱不出三年全国的公立医院都得倒闭，到时候都去莆田系看吧！;
中国的医疗是靠压榨医务人员的生命来维持全国医疗系统的，没有哪个国家的医生像我们国家公立医院这样随叫随到，紧急时刻不眠不休的去救治病人，这次疫情已经极大的透支了各个公立医院的财政，是彻底的雪上加霜，不要感谢国家，去感谢我们的文明，让我们现在还能有敢于奉献自己的人站出来学医，医疗体制不改，学医的只会越来越少;
实际上，哪个国家都一样，国内医保对小病确实好，但是大病一出 家破人亡，到哪都一样，国内医保要走的路还很长，不要无脑吹，理智爱国是是真正的爱国，发现缺点是进步的前提，加油吧;
说点个人观点吧，正如up讲美国部分提到的，羊毛出在羊身上，那么我们凭什么能投入远比美国少的经费而达到超过美国的成果呢？是单一制度原因还是有一些被我们刻意忽略的部分？再看看很多人争论关于国内医生收入问题，总有人讲医生在国内收入高等等。但仔细算算绝大多数医生的时薪是要低于同等学历其它专业的人的，而医生还需要经历规培等等一系列额外的学习，至于为什么算时薪这个不同人有不同看法，我个人理解为多劳多得。而本次疫情后医患关系真的会有所改变吗？丁香园早先的统计已经说明了很多人的看法。就在前几天又有肾内科医生被刺，这仅仅是进入我视野的，而我没看到的或者说没被曝光出来的又有多少？不是唱衰这个行业，因为我已经没得选了，我也希望国内医疗环境会越来越好，但还是劝诸位谨慎选择职业吧。医生这个职业也像是围城，外面的人想进来，而里面真的像外面人想象中的那么美好吗？;
如果你们知道中医疗改革方向（从80年代至今），恐怕你们就不会那么乐观了。近几年公里医院倒闭不是没有，公立医院自负盈亏，医疗人员去编制化。医院为了存活不得不通过和药企合作等方式增收存活。医疗市场化也是医改方向，毕竟什么都市场化好啊……总之，现在的条件且行且珍惜，以前那种自愿下乡问诊的赤脚医生，现在很难了。;
说句不该说的话，中国没钱看病的也多了去了，北京农村家庭家里不算有钱，一般水平，前两年奶奶得了胰腺癌，医保报销完了花了小20万，因为奶奶自己有点钱所以这病去医院看了，要是子女出钱估计就不用去医院了。在北京个医院中见到太多太多老人检查出了癌症什么也不治疗就出院了，医生也是在手术前告诉大概手术费用让家属看看能不能承担。;
上面的热评已经有讲up的逻辑问题了，我就说说这个踩一捧一吧，up全程都在说美国的缺点和中国的优点，却对美国的优点和中国的缺点只字不提，又在这个特殊的时期，我无法排除这只是一个来蹭热度的视频，一个北大教授在谈中国医保时候讲了非常多非常严重的问题，而up全都忽视了。请理智爱国，咱们中国现在还没天下第一完美无缺。;
刚刚看到很不好的新闻，一条外国留学生不带口罩聚餐，一条是黑龙江20多例境外输入病例，还有一条是南京对外国人的超常规服务。对得起抗疫的医护人员和老百姓吗？自己人这么听话，洋辣鸡管不了，没长脊梁骨！;
"不要只看光鲜亮丽的一面啊，要警惕起来啊，捧得越高，摔得越碎啊！<img alt=""[捂脸]"" class=""small"" src=""//i0.hdslb.com/bfs/emote/6921bb43f0c634870b92f4a8ad41dada94a5296d.png@100w_100h.webp""/>但是还是要说，我们最棒！";
也别太吹！中国也付出了很多代价！;
：想法设法攻击媒体自由和民主制度，中国难道没说自己有媒体自由和民主吗？;
：费用应该从官员们的俸禄中扣除，为他们当初愚蠢的决策买单。湖北的人民今年太难了。;
：很多基层医务人员的补贴是不是也需要落实一下，很多人虽然没有直接接触确诊病例，补贴有些发了都收回去了;
：外地支援的人家回去啥都有，名利双收，我们湖北本地医务人员连补贴绩效都拖了几个月，好不容易才发下来，更别说其他的了;
：武汉本地医务人员也希望有这个;
：北京陆续出现多例#隔离人员发生症状不报瞒报这种情况，是不是应该应该刑拘？。;
：北京陆续出现多例#隔离人员发生症状不报你不能理解，有时候真的很怕，怕一测就真有;
：这些外地来京人员真的需要在做一次人口疏离工作，不要让他们在坑北京了！;
：最近在粪便中检测出非冠病毒。听说北京人爱吃牛羊内脏下水，最爱吃那种不洗干净带点粪便的，豆腐和豆浆都要放臭了吃。;
：在隔离期间如身体出现不适症状，一定要及时上报啊，真的不要再瞒报了。北京真的伤不起了……，既然你选择这座城市打工挣钱生活，请务必爱惜这座城市，否则，请远离北京，不要再继续污染这座城市。;
：北京陆续出现多不管是不是故意的，还是坑了一起隔离的好多人啊。而且隔离点的管理也相当不到位了，怎么能隔离着还有这么多交叉感染;
疫情当前，一人得病全家遭殃。特殊时期，要讲人性执法？这就是人性执法！不砸都敲不醒这些人，而且没收还浪费人力资源。砸得真解气;
但愿灾后不要忘记收拾那些尸位素餐的蛀虫中国抗疫图鉴;
不要高兴的太早，因为外来人口回归，导致武汉原本，4月8号全面解封，变为4月8号工厂解封，平时家居还得隔离时间调整了，还不能松懈中国抗疫图鉴;
"看到最好，口罩别乱丢嘿！（虽然知道是为了意境<img alt=""[笑哭]"" class=""small"" src=""//i0.hdslb.com/bfs/emote/c3043ba94babf824dea03ce500d0e73763bf4f40.png@100w_100h.webp""/>）中国抗疫图鉴";
现在疫情还没结束呢，什么牛鬼蛇神都跑出来了，钱和资本是好东西，所以现在美国没有什么人情味，只有缺乏安全感，国家应该主注意道德教育，立信公共，这方面了，否则道德败坏，素质低了，为了钱什么不敢干？中国抗疫图鉴;
"春节时我们村封村，村委会为了守住村口，借了我的狗子（德牧），然后我就沦落到每天中午给狗送饭的境地<img alt=""[笑哭]"" class=""small"" src=""//i0.hdslb.com/bfs/emote/c3043ba94babf824dea03ce500d0e73763bf4f40.png@100w_100h.webp""/><img alt=""[笑哭]"" class=""small"" src=""//i0.hdslb.com/bfs/emote/c3043ba94babf824dea03ce500d0e73763bf4f40.png@100w_100h.webp""/><img alt=""[笑哭]"" class=""small"" src=""//i0.hdslb.com/bfs/emote/c3043ba94babf824dea03ce500d0e73763bf4f40.png@100w_100h.webp""/>中国抗疫图鉴";
"我是一名护理实习生，也是近几年最特别的一批实习生，在加上我还是男护，希望这次过后大家能多尊敬护士，我们和医生一样治病救人，而不是在伺候你<img alt=""[OK]"" class=""small"" src=""//i0.hdslb.com/bfs/emote/4683fd9ffc925fa6423110979d7dcac5eda297f4.png@100w_100h.webp""/><img alt=""[OK]"" class=""small"" src=""//i0.hdslb.com/bfs/emote/4683fd9ffc925fa6423110979d7dcac5eda297f4.png@100w_100h.webp""/>中国抗疫图鉴";
"受疫情影响，朋友开公司经营困难，本来打算在他公司混几个月就去部队，但现在不能拖累人家。所以决定就到厂子做临时工随便锻炼身体锤炼意志为去部队去做准备，厂里工作内容就是给产线上料一箱料五六十斤一天能搬十几吨确实很累。这工作一个月工资七千多，两班倒倒班那天要工作十六个小时像我一天只睡四个小时。题外话厂里小姑娘好像都挺喜欢我的老问我有没有对象整的那帮大哥都挺嫉妒，我只好把我对象照片给他们看了看，然后好像就更嫉妒了。<img alt=""[笑哭]"" class=""small"" src=""//i0.hdslb.com/bfs/emote/c3043ba94babf824dea03ce500d0e73763bf4f40.png@100w_100h.webp""/>感触也很深，看着厂领导都是开着清一色的大奔，工人们全月无休从事这枯燥繁重的工作拿着七八千的工资。我承认对比他们我有一种优越感，但是劳动人民真的很伟大。";
有的人看的挺开心的，其实我看的感觉挺难受的，星级酒店都要靠这样来维持生计了，更不要说有多少酒店正在赔钱但是当地不支持摆地摊，只能干赔钱。;
餐饮行业疫情过后岌岌可危，家里有个亲戚是开小饭店的，朋友的爹也是开饭店的，真的难;
疫情让中国乃至世界站在了分叉路口，所谓百年未有之大变局，不仅是国家层面、国际关系以及全球化层面，降维到你我身上这种“变”可能体现得更明显，包括但不限于转行转业、调整投资等等，时代的雪花落到谁的头上可能能压倒人的重担。总之，诸君加油，不仅是国家，我们很多人的人生也面临着一场大考。;
12月，疫情似要卷土重来。我个人觉得，疫情肯定会重来，但绝不会如年初那般令人恐惧，令人不安。最后我还是希望今年大家都能过个好年。;
最近看了很多这样热血沸腾的视频，略微有点膨胀了，我要自我反省一下，可以自豪，但不能因此膨胀;
白岩松说不要膨胀！！！！！！！！！！！！！清醒点;
希望咱们的方舱和火神山以后也可以慢慢搞成一个医疗镇。还有就是最近在各地区造的医院希望也可以变成医疗镇。上海的佘山小汤山模式，我希望也可以变成一个小镇。类似泰晤士小镇一样。这样医院就更加活了。大家向着未来迈进。;
现在，“严格～控制公立医院数量，深化医疗市场化改革，改善～中国医疗卫生环境”我上面的发言不全，也不是全部复述，大概是这么个意思，这是在新灌病毒开始前的几天，某个部长在开会上念得稿子。现在，还有人想医疗深化市场化改革，改善人民群众的医疗问题吗？我们其他基础方面的东西还有这么做的吗？       现在，我可以很负责任的告诉你们，有，而且疫情并没有组织这种趋势。         盐油私有化，医疗私有化，这些东西正在发生，我不知道国家怎么想的，我也不知道是不是有人为了地方经济增长赌中国的国运，我只知道，现在，我很害怕。;
卫生专家：我不能笑，我必须做好背景道具;
这女的认为自己住的是五星级酒店吧！如果是免费隔离就更过分了！;
"隔离人员不带口罩的吗<img alt=""[惊讶]"" class=""small"" src=""//i0.hdslb.com/bfs/emote/f8e9a59cad52ae1a19622805696a35f0a0d853f3.png@100w_100h.webp""/>";
就这女的说的这话就知道，这个女的真是浅薄无知，还有杂质不能喝，所有矿泉水都是有杂质的，钙锌铁钠在水里统称杂质，当然还有个好听的名字，矿物质，人要是长期喝纯水，又不及时补充矿物质，很容易导致钙流失，这个白痴说实在的就是个无脑又无知的泼妇。;
不知道你们看后续了没有，这女的是自己买的矿泉水，防疫人员不让她下去拿，这没啥问题，隔离嘛，但是后面又出了个新闻就有意思了，20来个德国人在上海隔离，要求西餐刀叉红酒，矿泉水，工作人员连夜给他们弄来了。。;
人家洋大爷隔离期间要啥有啥，为啥自己人要瓶矿泉水都不行？;
女孩不懂事，不知道上下都忙着给 大人弄西餐买红酒，哪有时间给她拿快递。这不是给工作人员添乱吗？;
"微博搜上海洋女婿，不仅能吃西餐还被批准回家单独隔离<img alt=""[偷笑]"" class=""small"" src=""//i0.hdslb.com/bfs/emote/6c49d226e76c42cd8002abc47b3112bc5a92f66a.png@100w_100h.webp""/>";
我也被隔离过，我2月19号从广东老家回广州公司复工，回去后就马上被安排公司自己搭建的隔离房。隔离房那环境是真的恶劣，哪有像视频中那样这么好。我是公司的管理层，也算个小领导。但也没有特权，依旧要隔离。刚开始我也很气愤，我也觉得自己应该有特权的。然而我看到隔离房还有住的比我环境更恶劣的同事，他们是我底下的员工。他们被隔离了一声不吭，而且我被隔离期间都有算出勤，而他们没有的！其实我真的已经有特权了。但此时我却觉得很羞愧，感觉我连自己底下的员工都不如。后来隔离的14天里，我担当起给他们送饭送水测量体温打扫卫生的工作。隔离的期间也让我静下心来思考了很多东西，思想也觉悟了很多，也算是个成长。;
"自来水和直接可以喝的水真的不一样……酒店那个水可能是过滤不彻底，有的比较差的酒店水龙头的水是真的肉眼可见的残渣杂质，真的不能喝。。。而且这个女的好像是自己网购了矿泉水让朋友帮忙寄过来结果快递被扣了，跟人家交涉半天无果最后没办法才发飙的<img alt=""[无语]"" class=""small"" src=""//i0.hdslb.com/bfs/emote/44667b7d9349957e903b1b62cb91fb9b13720f04.png@100w_100h.webp""/>";
不会真有人敢用酒店的开水壶吧？不会有人不知道那个东西别人都是拿来煮内衣煮袜子的吧？不会真觉得回国隔离的酒店打扫的很干净吧？留学生回国又不是来蹲监狱的，所有人一天300+的房费照付，隔离归隔离，吃喝这种最基本的要求不能满足，要两瓶矿泉水被拍下来放网上人肉？还觉得留学生崇洋媚外，敢问祖国和祖国人民的举动哪点不让人寒心呢？不开放回国航班忍了，二十几个小时不吃不喝辗转回国忍了，一定要提供核酸报告才能上飞机也能理解，回来了自费隔离的住处连基本饮用水都不能保障，要两瓶一共两块的矿泉水被拍下来发网上人肉被网友攻击？同胞可真行啊，又想留学生回国996又不想给水喝呗？将心比心一下不好吗？去查查隔离点都是怎么样一副“反正你必须隔离我爱伺候伺候，不爱伺候让你吃猪食你也得吃”的态度不好吗？酒店床单不换不洗的，有血迹的，水是黄色黑色的，饭菜只给一点点的，冬天没有热水的，夏天38度不让开空调的，扣了护照然后胡乱收费不交钱不还的，合着留学生就活该每天交300+的费用蹲14天监狱呗？就没权利提合理要求呗？连喝水这种事情都不配了呗？;
她配合隔离，但是她的基本人权应该得到保障，她只是要求喝矿泉水，隔离期间她还是自费的，这有什么问题？宾馆服务人员没有做到位就让特警来警告？？？宾馆的热水早就爆出问题连连，人家要求不过分，不给水她为生存离开酒店也很正常，这完全是这宾馆仗着舆论，在欺负住客啊。她是隔离，却人人把她当罪犯。特警还来警告就仅仅是她没听宾馆的话，不想喝开水？看了评论，就真没人觉得这有问题？;
经常看到新闻说有人用酒店的水壶煮内裤袜子，有的父母会用来给孩子接尿。就这么说吧，只要是出去旅游，我只喝矿泉水，绝对不可能用水壶烧水喝的。这个女生从国外回来，按照规定隔离了，但是在条件允许的情况下（她的朋友已经把矿泉水寄到隔离点了），却连生活必须的水都喝不到，我不认为这是这个女生的问题，反倒觉得是志愿者的问题。;
我要道歉啊，不该骂这女的。同样在上海，英国人是不用集中隔离的，可以把女朋友和她妈以及2个月的孩子赶走后居家隔离的，要什么矿泉水，你需要的是白皮。;
不知道是不是我那个喝水的视频看了不过仔细我只看到他不愿意和自来水烧的开水，是愿意和瓶装水。虽然多次要求之后，工作人员仍没和上级反馈，导致这次抽查的人不知道这次事情，而且事情应该已经拖了三天以上的时间，不能单纯说哪方有错。只能说双方都是有错的人。希望大家和谐友善讨论。;
酒店水壶确实脏，建议配个新水壶，我在酒店客房干过两年，有煮袜子的，当尿壶的，吐痰的，我们收拾的时候不知道有多恶心，我们酒店的工作人员从来不用酒店热水壶，因为我们都知道这个事，建议大家尽量不要用宾馆水壶，太脏了，不一定传染什么毛病——来自酒店工作人员的内幕劝告;
我没看明白，或许这个视频不是完整版吧。  反正，我支持这个女生，人家要喝矿泉水就给她喝呗，就算被隔离也有人权啊，外面超市没有矿泉水吗？2块钱一瓶，也不是很贵，给她不就行了，BB那么多有意思吗！~  如果是这个女生胡搅蛮缠非要喝某个牌子的矿泉水，那是这个女生的错。如果是喝普通的矿泉水就行，那就是隔离员工的 错。~~个人见解，不喜勿喷！;
说实话我也不想喝宾馆里的白开水，我想也没几个人乐意喝吧？一个是宾馆水箱不干净，另外一个是个人都知道宾馆的水壶能不用就不用，连我妈住酒店都知道要自带一个水壶。让隔离者自费统一发放冰露康师傅娃哈哈之类那种便宜矿泉水不就完了？宾馆百分之百有备存啊？就算送饭也能顺手给啊？当然这个女的要喝那种死贵死贵的水还是挺有毛病的。;
"要么老巴实在这里隔离，要么赶紧收拾行李爬出中国<img alt=""[doge]"" class=""small"" src=""//i0.hdslb.com/bfs/emote/bba7c12aa51fed0199c241465560dfc2714c593e.png@100w_100h.webp""/><img alt=""[doge]"" class=""small"" src=""//i0.hdslb.com/bfs/emote/bba7c12aa51fed0199c241465560dfc2714c593e.png@100w_100h.webp""/>";
"我看了后续之后个人觉得两方都有一点<img alt=""[尴尬]"" class=""small"" src=""//i0.hdslb.com/bfs/emote/cb321684ed5ce6eacdc2699092ab8fe7679e4fda.png@100w_100h.webp""/>…女的因为这水壶卫生本来就不达标所以自己买了水要去拿，但是工作人员又不给，帮忙送上来也不让";
不是她家，但可以为她的家人安排住处，然后像上海女婿那样，让她单独在家中隔离呀~;
谁家烧水壶烧不出几个碱，我现在也在隔离。。那么多人也没她这么矫情的，别处我不晓得我们这边三顿都会有汤，就是你实在不想烧水喝汤也渴不死她，真的是给她惯的，能待就待待不下去从哪儿送哪儿去吧真的。。;
这是隔离区提供不到位，本人隔离期间都有矿泉水，而且酒店水壶确实也并不干净，没有说不能提供矿泉水。不了解事件发生详细背景，为什么有那么多人开骂？又有多少人住酒店会愿意用酒店水壶？;
"哎这些年好不容易送出去的渣子又回来了 <img alt=""[笑哭]"" class=""small"" src=""//i0.hdslb.com/bfs/emote/c3043ba94babf824dea03ce500d0e73763bf4f40.png@100w_100h.webp""/><img alt=""[笑哭]"" class=""small"" src=""//i0.hdslb.com/bfs/emote/c3043ba94babf824dea03ce500d0e73763bf4f40.png@100w_100h.webp""/><img alt=""[笑哭]"" class=""small"" src=""//i0.hdslb.com/bfs/emote/c3043ba94babf824dea03ce500d0e73763bf4f40.png@100w_100h.webp""/>";
反转了 其实是这女的自己买的水到酒店楼下 但是防疫人员不让她去拿  所以吵起来了;
为什么要扣呢，拿上来很费事吗？酒店水壶烧的水我也是不喝的，1块钱的包装水也行啊。可能不是白皮吧。;
有一说一，我就单纯提个问，强制隔离必须接受毋庸置疑，为什么这个时候不能自己拥有私人物品啊？自己使用私人物品，会影响到隔离工作吗？视频里这个女的想收朋友送来的快递，收了会影响隔离工作吗？如果有影响，具体表现在哪里？;
其实如果集中隔离的话 我也不太想喝烧的水，集中隔离都是征用宾馆，以前那些用烧水壶煮内裤煮抹布的实在是太恶心了。完全受不了....;
@风骚小狮子拉黑属实弟弟。看来在你逻辑里质问和询问都能划等号了是吧？那你丢东西了是不是就是严厉的问你旁边人，你是不是偷我东西了？你说警方是因为不知道冲出去是谁才问她，那请问到现在出去那个人找着了吗？而且怎么没看见警察问别人就问你呢？还有警察不知道，不去看监控，不去问工作人员，问你个一直在里头老老实实隔离的人干什么，你看得见吗？;
一听不是医生马上气势就弱了，真就是撒泼惯了的人;
不是，如果是新水壶还好，但是旧水壶谁知道有没人在里面煮过奇怪的东西。心里接受不了不是很正常？酒店的水壶诶，谁知道有没被丢烟蒂垃圾甚至丢过套套？为啥大家怨气这么大？;
外面的那种不经常用的烧水壶的确脏，水垢特别多还有味道，不过特殊时期也没办法，多刷几遍就行了。;
"<img class=""jump-img"" src=""https://i0.hdslb.com/bfs/activity-plat/static/20201110/4c8b2dbaded282e67c9a31daa4297c3c/AeQJlYP7e.png""/><a class=""comment-jump-url"" data-report=""13"" href=""//www.bilibili.com/video/BV1nK4y1r7Qk"" target=""_blank"">青岛特别优待外籍隔离人员？ 街道回应：提供的是“人性化”服务</a>，看完这个我突然发现这个要喝矿泉水的有点冤。";
酒店的烧水壶干不干净就不用我多说了吧;
"啥，矿泉水还要快递吗，楼下小卖部买一瓶不行吗<img alt=""[笑哭]"" class=""small"" src=""//i0.hdslb.com/bfs/emote/c3043ba94babf824dea03ce500d0e73763bf4f40.png@100w_100h.webp""/>";
酒店热水壶确实很脏，不能怪他们喝矿泉水！我有个同学每次都用酒店热水壶煮牙套，我都吐了;
有的人看的挺开心的，其实我看的感觉挺难受的，星级酒店都要靠这样来维持生计了，更不要说有多少酒店正在赔钱但是当地不支持摆地摊，只能干赔钱。;
疫情过后我也喜欢上了看广场舞，以前不喜欢嫌吵，疫情期间看着空荡荡的街道心里太难受了！;
"眼镜大厨：我这辈子也妹想到我也有摆摊的这一天，说好的“永不失业”呢？我是谁？我在哪？我要干什么？<img alt=""[doge]"" class=""small"" src=""//i0.hdslb.com/bfs/emote/bba7c12aa51fed0199c241465560dfc2714c593e.png@100w_100h.webp""/>";
这时候还评什么文明城市啊，抓紧赚钱啊。;
"金际危机什么的对我似乎没什么影响，但我知道我再不开学的话，会有家庭危机<img alt=""[doge]"" class=""small"" src=""//i0.hdslb.com/bfs/emote/bba7c12aa51fed0199c241465560dfc2714c593e.png@100w_100h.webp""/>";
"今年还有800多万大学毕业生面临就业或升学问题，而因为疫情导致的不良信用、企业裁员倒闭、复工后供需失衡劳工待遇下降。存活下来的互联网企业蚕食鲸吞中小型实体业，中国人从出生到死亡都离不开“两马”爸爸和“民族之光”企业。<img alt=""[热词系列_危]"" src=""//i0.hdslb.com/bfs/emote/5cc6c3357c4df544dd8de9d5c5c0cec97c7c9a56.png@100w_100h.webp""/>";
这次的疫情是中小企业和工作人员的灾难，是大型企业的狂欢，他们在用各种方法吞下那些中小企业，同时在试探人民的底线，腾讯前段时间的悦文事件就是一个试探，说到底不管发生什么倒霉永远是小鱼，鲨鱼永远在风波外面哪怕波及了他们他们也可以通过吃掉我们这些小鱼来恢复;
"毫无疑问，但我更关心未来可能出现的中国孤立处境以及影响。毕竟我们每天面对的是具体生活。<img alt=""[妙啊]"" class=""small"" src=""//i0.hdslb.com/bfs/emote/b4cb77159d58614a9b787b91b1cd22a81f383535.png@100w_100h.webp""/><img alt=""[妙啊]"" class=""small"" src=""//i0.hdslb.com/bfs/emote/b4cb77159d58614a9b787b91b1cd22a81f383535.png@100w_100h.webp""/><img alt=""[妙啊]"" class=""small"" src=""//i0.hdslb.com/bfs/emote/b4cb77159d58614a9b787b91b1cd22a81f383535.png@100w_100h.webp""/>";
外网你想得到的该骂的还是骂，中国媒体只不过是把一个点无限放大而已。;
我们要警惕的是网上很多人（包括媒体号）开始挑动对立，男女对立、身份对立，职业对立;
"课代表来了（可惜来晚了）：第330条的妨害传染病防治罪，专门治理像一些不配合隔离之类的人，或故意干扰医疗人员的配合（例如之前的那个天天都要去跑步的那个人，还有郭某鹏之类的）像这种之类就符合此刑罚，妨碍传染病防治罪并非指故意，故意的基本是危害公共安全罪。这两种罪不一样。一个最高关七年。另一个最高死刑<img alt=""[OK]"" class=""small"" src=""//i0.hdslb.com/bfs/emote/4683fd9ffc925fa6423110979d7dcac5eda297f4.png@100w_100h.webp""/>还有一个妨碍国境卫生检疫罪（比如像知情不报或吃退烧药上飞机蒙混进入）一共三条罪1.妨碍传染病防治罪，最高七年2.危害公共安全罪，最高死刑3.妨碍国家卫生检疫罪，应该跟第一条差不多，没具体讲此罪的惩罚<img alt=""[OK]"" class=""small"" src=""//i0.hdslb.com/bfs/emote/4683fd9ffc925fa6423110979d7dcac5eda297f4.png@100w_100h.webp""/>";
希望有人看到我：我从一月18号到湖北，一直到今天也就是4.7日还没有能够返回江苏，其中有一次十堰地区已经放行，我们通行证也已经开好，但是我们村进行阻拦，并且说回来就被公安带走。我们很听话没有回家，继续呆在湖北。4.1日前我们看新闻除武汉 北京都可通行。我们于几天前就已经联系村里问是否可以回家，能否居家隔离，他给的回答是可以。我们买了4.1日的车票，并且完成了点对点登记。我们村又说不可以居家隔离，说是区里给的通知，说要集中去港口隔离，费用自费。还说费用相当高昂，你自己想好了到底要不要回家。4.7日也就是今天我们打电话给区防疫站防疫站说根本就没有我们村说的那回事，早就可以回家只要有绿码，当地政府也是这么说。我想问一下老师，说假政策不让我们回家，阻止我们回家的村干部是什么行为，我又可以做些什么。;
"就是就是<img alt=""[生气]"" class=""small"" src=""//i0.hdslb.com/bfs/emote/3195714219c4b582a4fb02033dd1519913d0246d.png@100w_100h.webp""/>。温州有个大小伙从北京回来扫墓相亲，跑来跑去也不知道居家隔离，结果接触了近百人，去海宁确诊了。这不闹呢，也不知道什么时候能开学";
关于视频最后的案例：1.该哥们作为北京人，在不违反隔离规定的前提下出门是没问题的。2.该哥们跑到北京和河北之间省界附近爬山，前后至少500米没有其他人，属于人员密度小的户外，可以不戴口罩。3.该哥们收到“河北欢迎你”的短信，说明手机已经连接到河北移动基站信号，坐过跨省火车的朋友应该经历过。4.该哥们手机进入河北信号范围，电信供应商会记录其连接位置的改变。5.通过大数据分析，会改变该哥们的防疫风险评估，所以在社区查验身份时被认定为进京外来人员。“健康码”“绿码”应该就是采用类似方法。;
"老师老师，，您对现在社会的嘴臭风气怎么看，，我不喜欢这种风气，我身边好多人都开口闭口骂妈，，<img alt=""[tv_doge]"" class=""small"" src=""//i0.hdslb.com/bfs/emote/6ea59c827c414b4a2955fe79e0f6fd3dcd515e24.png@100w_100h.webp""/>";
罗教授，您能为山东烟台的养女案的受害者提供些帮助吗？这个社会太黑暗了;
就像是一场梦……;
B站可真是积极 全黑白的。一点多余内容没有。强制性灌输。;
只要别援助医生就好，我国的医生真的太累了……当然，如果是为了评职称刷资历之类（不是贬义，提升自我价值从来不是贬义）自愿的话还是遵循自愿原则想去就去。但千万别出现什么下任务支援，医生们是战士，但哪怕是战士也需要休息。。。;
医生不管是哪里的都很难跟辛苦啊;
医生惊醒了，民众还在沉睡中。;
这就是前期防控漏洞造成的恶果，最后受苦的是前线的医护，这样的病历增长数，医疗系统不崩溃才怪。;
最初，没有人在意这场灾难，这不过是一场流感，一次山火，一个物种的灭绝，一座城市的消失。直到这场灾难和每个人息息相关。;
"看到大家嘲讽美股暴跌，却没人关心美股中的中国企业，气的我浑身发抖。你们难道忘了那个天天发福利，帮我们实现梦想的ta了吗？孙哥，麻烦让让！瑞·民族之光·国产福利姬·反向美股收割机·幸！我建议大家给我点赞，平复我发抖的身躯<img alt=""[妙啊]"" class=""small"" src=""//i0.hdslb.com/bfs/emote/b4cb77159d58614a9b787b91b1cd22a81f383535.png@100w_100h.webp""/><img alt=""[妙啊]"" class=""small"" src=""//i0.hdslb.com/bfs/emote/b4cb77159d58614a9b787b91b1cd22a81f383535.png@100w_100h.webp""/>";
我更想知道美股下跌对我们经济的打击有多大，失业率会不会雪上加霜。我两套房子在出租，其中一套年前退租后，一直到现在都没租出去。挂在网上，连来问的都没有。每天都要损失一百多块，心痛啊;
稍微理性点，因为疫情裁员非常正常一件事，像马云那样35岁以后就叫别人回馈社会的人，才是非理性，这种更应该唾弃，压榨劳动力嘛，剩余价值不大了，就裁，换新鲜的20岁劳动力接着压榨。而这个视频里，优步也很明确说了原因，就是因为没有客户了，所以要裁员。别人一个季度亏损200ERMB，一年800ERMB。马云马化腾都经不起这样造。你们猜猜优步市值有多少，现金流又有多少。已知市值才4000ERMB，现金流估计1000E都没有，这样发钱下去怕不是2年就得破产，如果破产其他3W工作机会也没有了。是不是很可怕。;
搁到阿里，这叫回馈社会;
国内企业也都挺严峻的，做外贸的基本死一半了，希望观望也多关注下;
这评论区阴阳怪气的，经济不好一些大公司辞退一大批人不是很正常的吗？难道评论区的大神别有高招？;
"其实这不用嘲笑，中国好多公司也裁员，过完年回去上班我就是被裁了<img alt=""[无语]"" class=""small"" src=""//i0.hdslb.com/bfs/emote/44667b7d9349957e903b1b62cb91fb9b13720f04.png@100w_100h.webp""/>而且人家国外裁员人家赔偿机制要比中国很多企业做的好。";
诸位评论着的，特别是在这个时期评论的，大多都是学生，没工作，甚至都不是大学生。建议你们好好观察一下你们父母的表情和情绪。仔细观察就应该明白，已经到了风口浪尖积重难返的临界点了。现在最不需要的就是乐观，你要是相信统计局，那你可以不看我的评论。一个对外贸出口这么倚重的曾经获得某某制造的国家，闭关锁国了，外贸不好做了，经济不可能好。没有高新技术支撑，只能说全靠中国自己国内经济体量大，市场大，才能勉强撑住。这也只是撑住，普通民众，背着贷款的普通收入者破产只是早晚的事。我国和美国走了不一样的路，我们全面封锁，美国全线开放，现在看来，一个把病当病治，一个把病当任务。各有利弊，关键是诸位，你们获利还是受弊。;
"资本主义固然可恶，但是我们也不能拿着键盘空想。疫情影响到的是所有人，企业会亏钱，员工也会被牵连遭到辞退。企业不是慈善机构，几百上千人的几个月的工资要发，同时因为疫情也亏了几个月的收入，那加起来可就不是亏一点钱那么简单了。加之，员工几个月没有工作，那又凭什么要发这几个月的工资呢？现实一点各位<img alt=""[无语]"" class=""small"" src=""//i0.hdslb.com/bfs/emote/44667b7d9349957e903b1b62cb91fb9b13720f04.png@100w_100h.webp""/>";
你们笑什么笑？有一说一，外企比99.99%都比国内那些私人企业良心的多的去了，至少这些员工被裁的时候还能拿到法定的赔偿。我一朋友今年三月份就被开了，工资都没发齐，n+1更是做梦。起诉老板？饭都快吃不起了，他还有房贷要还，哪里来的时间跟资源去告？就这直到现在他还在挣扎求职。;
评论区都是善人啊，麻烦养一下3500人;
"不是→_→这很正常吧，疫情期间大家出不来，也不用打车，为什么不裁员<img alt=""[喜极而泣]"" class=""small"" src=""//i0.hdslb.com/bfs/emote/485a7e0c01c2d70707daae53bee4a9e2e31ef1ed.png@100w_100h.webp""/>接着养员工吗，咱们中国也没有这样的企业吧";
这演技在中国至少是一线水平，比那些只会说12121212好多了;
"业务能力太差了。本来350人客服就够了，你们居然要3500人来干<img alt=""[抠鼻]"" class=""small"" src=""//i0.hdslb.com/bfs/emote/cb89184c97e3f6d50acfd7961c313ce50360d70f.png@100w_100h.webp""/>";
看着这个女人说话的表情，不由自主的就想到了几句歌词：    简单点    说话的方式简单点　　递进的情绪请省略　　你又不是个演员　　别设计那些情节　　没意见 我只想看看你怎么圆　　你难过的太表面    像没天赋的演员　　观众一眼能看见;
"工作的人越少，消费就越少流动的钱越少，公司就会缩小业务继续裁员然后继续循环。恶性循环<img alt=""[微笑]"" class=""small"" src=""//i0.hdslb.com/bfs/emote/685612eadc33f6bc233776c6241813385844f182.png@100w_100h.webp""/>";
你们是反外反资本反傻了？几个热评全是玩梗的;
这种全球灾难嘲讽实在没啥意思 我家饭店今年一月刚开张就完犊子 好几个学程序搞外贸的同学都进了电子厂 电子厂还没啥订单 靠父母养的学生就别张嘴了;
我寻思刷梗的脑子有问题？你公司亏钱了不裁员？你当人家老板的钱是大风刮来的？;
这裁员不是很正常吗？公司也要过啊，谁回想浪费钱然后说不定导致自己倒闭了，你们是老板你们不裁员吗？;
"来来来 评论区老哥出个主意，既能让这3500人保住工作，又能让公司保证不亏损不倒闭！<img alt=""[doge]"" class=""small"" src=""//i0.hdslb.com/bfs/emote/bba7c12aa51fed0199c241465560dfc2714c593e.png@100w_100h.webp""/>";
评论区好恶心啊。。。，你们不知道国内的实体经济打击了多少吗;
评论不会觉得中国没事吧？？多少企业发不起工资 ，多少人失业 多少公司倒闭，还在那边幸灾乐祸,这是全世界范围的打击;
这事和资本家的丑恶嘴脸性质不一样 拜托各位不要无脑玩梗;
这很正常啊，国内也这样，我再也没看到他们开业了;
"我们国家倒闭了多少公司 辞退了多少员工 弹幕可能嘲着对面非常优越 但是数据都公布大家都知道吗？不说了明天还要去派出所报案 交了保证金的公司倒闭了拿不回来<img alt=""[呲牙]"" class=""small"" src=""//i0.hdslb.com/bfs/emote/b5a5898491944a4268360f2e7a84623149672eb6.png@100w_100h.webp""/><img alt=""[呲牙]"" class=""small"" src=""//i0.hdslb.com/bfs/emote/b5a5898491944a4268360f2e7a84623149672eb6.png@100w_100h.webp""/><img alt=""[呲牙]"" class=""small"" src=""//i0.hdslb.com/bfs/emote/b5a5898491944a4268360f2e7a84623149672eb6.png@100w_100h.webp""/>盛世太平";
相信我 我知道公司高层在思考什么 他们老早就需要裁员了 突然大批的裁员免不了让剩余的员工感到无助和恐慌 也增加跳槽的几率 而且 自动化的普及 移动设备和在线支付 恐怕前端客服人员已经变成一种摆设 至于为什么我这么确信 因为5月3日老板找我说过这个事 我的答案就是借着疫情裁员 我惊讶的发现在大洋彼岸也有人像我一样臭几把不要脸的用这种理由去剥夺别人的工作;
"现在反资本主义的人是挺魔怔的，只要是老板就是资本家，只要老板赚的比员工多就是剥削无产阶级，公司倒闭了也不能裁员，要去银行贷款发工资，还得要股份分红，因为公司是靠员工赚钱的，公司赚钱员工也要分红，每天上班8小时，下班就不能找我，找我就是加班对我休息时间剩余价值的剥削，如果公司真的破产倒闭也与我无关，拍拍屁股可以走人换个工作。公司要给我分红，又不可以让我加班，也不可以裁员，还不用担责任倒闭了是老板一个人的事情。<img alt=""[doge]"" class=""small"" src=""//i0.hdslb.com/bfs/emote/bba7c12aa51fed0199c241465560dfc2714c593e.png@100w_100h.webp""/>，";
人毕竟是社会性生物，个体之间是相互影响的，过度私有化和过度公有化都是不利于社会发展的，唯有平衡才是正道。;
我有一说一，作为医疗人员的一员，反对“白衣天使”的称呼。被这个称号绑架了的前辈和同行太多了。我们可以是与疾病战斗的战士，但真的，我们不是所谓“上帝”派来拯救人间的天使。;
妹妹的口罩带的不对啊！;
啊这，我初中学校门口旁边还有辆停了5年的车呢，车主活的好好的，因为车主去国外居住加上那车好像太旧还是什么被扔在那也没人处理。5年车都没人说什么xx去世了，就疫情几个月就敢随便指辆停的久的车就说车主去世了。那造谣的人我能不能说我好久没看到你父母了，然后对外说你父母因为疫情去世了可好？;
看到自己的不足才能前进，实力比其他都重要。中国目前是世界实体经济的供给方，西方是需求方，虚拟经济（含金融）方面，中国目前是被动需求方，西方是供给方，两者相互依存。实体经济方面内需市场无法吃下足够的产能，虚拟经济方面确实也依靠西方的供给。因此中国和西方无法真正意义上对立。改革开放后的韬光养晦政策让中国有了世界工厂的实力，但是产能的升级换代，虚拟经济的升级才是第二阶段中国关键的要素。因此现阶段盲目自大，强调对立状态实际上是一种信息不透明导致的偏见。中国还需要下一个稳定的10年告诉补短板。韬光养晦固然难受，但确实是一条捷径。;
都说三体怎么牛逼，但是我想说的是如何在壁障破碎前保存自己的文明才是正道。外星入侵？真是可笑文明可以说是宇宙最珍贵的结晶，傻了才会去毁灭一个可能在壁障破碎前能提供帮助的自己的文明。你以为奇点爆炸是偶然？其实奇点爆炸是必然，你以为宇宙在扩张？其实宇宙在被拉扯。空间壁障就像大气层一样，一带壁障破碎整个宇宙就会以超越光速n倍的速度坍塌收缩，直至成为一个超级黑洞也就是奇点，当物质密度达到极限后就是一个大爆炸。科普一下，时间不是独立存在的，而是依附于物质，空间虽然能够独立存在，但是需要物质和时间的支持。其实不管是空间和时间都有办法证实它的由来，唯独物质基础粒子无法证明其出处和由来，大爆炸不算，那只是一个轮回;
经济大萧条之后不可避免的会引爆战争，最坏的情况可能和100年前一样，中国要挺住啊，未来10年的变化注定要写进历史书的。;
"我就去过医院，因为咳嗽，医生问了两句。开了单直接叫我去照片（胸部正位片）和验血（五分类全血细胞分析）一共150￥，后面看着没事就开药给我了 170￥。老婆去住院的时候，第一时间就是要求你去验血（五分类全血细胞分析）和核酸检测0.1￥（要好几个小时才会出结果忘记了多久，反正是隔天才拿结果） ，第二天继续测，要去拍CT  500￥。。。。看个咳嗽都贼费钱。唉<img alt=""[捂脸]"" class=""small"" src=""//i0.hdslb.com/bfs/emote/6921bb43f0c634870b92f4a8ad41dada94a5296d.png@100w_100h.webp""/>";
最近看了很多这样热血沸腾的视频，略微有点膨胀了，我要自我反省一下，可以自豪，但不能因此膨胀;
"本来想去唱歌的，但万一有个确诊的我就完了，所以不去。然后准备去吃火锅的，外面万一碰见个确诊的我不亏得慌？还是别去了。不是我钱包空，我有钱的，主要是怕遇见病毒携带者<img alt=""[doge]"" class=""small"" src=""//i0.hdslb.com/bfs/emote/bba7c12aa51fed0199c241465560dfc2714c593e.png@100w_100h.webp""/>";
